<?xml version="1.0" encoding="UTF-8"?>

<Profile>
    <url>http://172.22.68.151:8007/htsportal/</url>
	<linkurl>http://172.22.68.151:8007/htsportal/</linkurl>
	<quartz>
    	<content>
    		<interval>5</interval>
    	</content>
    	<image>
    		<interval>5</interval>
    	</image>
    </quartz>
    <adminEmailAddress>vimal.trivedi@hindustantimes.com</adminEmailAddress>
    <defaultSubject>Query for HT Syndication </defaultSubject>
    <maxprocess>100</maxprocess>
    <subscriptionmailadmin>vimal.trivedi@hindustantimes.com</subscriptionmailadmin>
    <article>
    	<path>
    		<temp>/home/htsyndication/hts/temp/</temp>
    		<error>/home/htsyndication/hts/errortemp/</error>
    	</path>
    </article>
    
    <image>
    	<path>
    		<original>/home/htsyndication/hts/original</original>
    		<processed>/home/htsyndication/hts/</processed>
    		<watermark>
    			<brightness>0.5</brightness>
    			<tiles>/images/watermark-tiles.png</tiles>
    		</watermark>
    		<temp>/home/htsyndication/hts/temp/</temp>
    		<error>/home/htsyndication/hts/errortemp/</error>
    	</path>
    	<count>
    		<perpage>15</perpage>
    	</count>
    </image>
    <mail>
        <smtp>
			<admin>admin@hindustantimes.com</admin>
            <host>mail01.htsyndication.com</host>
            <port>25</port>
            <auth>true</auth>
            <user>donotreply</user>
            <pass>4ruX4SUr5OL</pass>
        </smtp>
    </mail>
    <sections>
        <homesection1>
            <size>10</size>
        </homesection1>
    </sections>
    <astro>
    	<ganesha>http://content.ganeshaspeaks.com/HTMEDIAALL/HTMEDIAALL.utf8feed</ganesha>
    </astro>
</Profile>
