<?xml version="1.0"?>
<database>
<groups>
<group id="honeymoon-packages-manali">
<title>HONEYMOON PACKAGES MANALI</title>
</group>
<group id="delhi-manali-volvo-packages">
<title>DELHI MANALI VOLVO PACKAGES</title>
</group>
<group id="tour-packages">
<title>TOUR PACKAGES</title>
</group>
<group id="special-packages">
<title>SPECIAL PACKAGES</title>
</group>
</groups>
<posts>
<post slug="royal-orchid-resort-manali-budget-hotel" group="honeymoon-packages-manali">
<title>Royal Orchid Resort Manali Budget Hotel</title>
<body>&lt;div&gt;&lt;strong&gt;Package Inclusion :&lt;/strong&gt;&lt;/div&gt;
&lt;div&gt;
  &lt;ul&gt;
    &lt;li&gt;3 Nights &amp; 4 Days Accommodation in respective room for a Couple.&lt;/li&gt;
    &lt;li&gt;Welcome drink and fruit basket on arrival.&lt;/li&gt;
    &lt;li&gt;3 Morning Tea, 3 Breakfast and 3 Dinner.&lt;/li&gt;
    &lt;li&gt;Evening tea with cookies.&lt;/li&gt;
    &lt;li&gt;Flower Bed Decoration once during the stay.&lt;/li&gt;
    &lt;li&gt;Complimentary honeymoon cake once during the stay.&lt;/li&gt;
    &lt;li&gt;One Bottle Apple wine in the room on arrival.&lt;/li&gt;
    &lt;li&gt;Every night Kesar Milk for a Couple.&lt;/li&gt;
    &lt;li&gt;Candle light dinner once during the stay.&lt;/li&gt;
    &lt;li&gt;10% discount on additional food, beverages and laundry.&lt;/li&gt;
    &lt;li&gt;Gift on departure.&lt;/li&gt;
    &lt;li&gt;Inclusive all applicable taxes.&lt;/li&gt;
    &lt;li&gt;Pick up &amp; drop from bus stand.&lt;/li&gt;
    &lt;li&gt;Delhi - Manali - Delhi Transfer by A/C Volvo Bus.&lt;/li&gt;
    &lt;li&gt;One half day Manali local sight seen by individual non a/c Alto car.&lt;/li&gt;
    &lt;li&gt;One full day Snow Point / Rohtang pass sight seen by Sumo on shearing basis.&lt;/li&gt;
    &lt;li&gt;One full day Kullu-Manikaran sight seen&#194;&#160;by Sumo on shearing basis.&lt;/li&gt;
    &lt;li&gt;&lt;strong&gt;Note : Check in Checkout 11.30 Am in High Season :&lt;/strong&gt;&lt;/li&gt;
  &lt;/ul&gt;
&lt;/div&gt;</body>
<group>HONEYMOON PACKAGES MANALI</group>
</post>
<post slug="flamingo-resort-manali-2*" group="honeymoon-packages-manali">
<title>Flamingo Resort Manali 2*</title>
<body>&lt;div&gt;&lt;strong&gt;Package Inclusion :&lt;/strong&gt;&lt;/div&gt;
&lt;div&gt;
  &lt;ul&gt;
    &lt;li&gt;3 Nights &amp;amp; 4 Days Accommodation in respective room for a Couple.&lt;/li&gt;
    &lt;li&gt;Welcome drink and fruit basket on arrival.&lt;/li&gt;
    &lt;li&gt;3 Morning Tea, 3 Breakfast and 3 Dinner.&lt;/li&gt;
    &lt;li&gt;Evening tea with cookies.&lt;/li&gt;
    &lt;li&gt;Flower Bed Decoration once during the stay.&lt;/li&gt;
    &lt;li&gt;Complimentary honeymoon cake once during the stay.&lt;/li&gt;
    &lt;li&gt;One Bottle Apple wine in the room on arrival.&lt;/li&gt;
    &lt;li&gt;Every night Kesar Milk for a Couple.&lt;/li&gt;
    &lt;li&gt;Candle light dinner once during the stay.&lt;/li&gt;
    &lt;li&gt;10% discount on additional food, beverages and laundry.&lt;/li&gt;
    &lt;li&gt;Gift on departure.&lt;/li&gt;
    &lt;li&gt;Inclusive all applicable taxes.&lt;/li&gt;
    &lt;li&gt;Pick up &amp;amp; drop from bus stand.&lt;/li&gt;
    &lt;li&gt;Delhi - Manali - Delhi Transfer by A/C Volvo Bus.&lt;/li&gt;
    &lt;li&gt;One half day Manali local sight seen by individual non a/c Alto car.&lt;/li&gt;
    &lt;li&gt;One full day Snow Point / Rohtang pass sight seen&amp;nbsp;by Sumo on shearing basis.&lt;/li&gt;
    &lt;li&gt;One full day Kullu-Manikaran sight seen&amp;nbsp;by Sumo on shearing basis.&lt;/li&gt;
    &lt;li&gt;&lt;strong&gt;Note : Check in Checkout 11.30 Am in High Season :&lt;/strong&gt;&lt;/li&gt;
  &lt;/ul&gt;
&lt;/div&gt;
</body>
<group>HONEYMOON PACKAGES MANALI</group>
</post>
<post slug="hotel-new-paramount-manali-2*+" group="honeymoon-packages-manali">
<title>Hotel New Paramount Manali 2*+</title>
<body>&lt;div&gt;&lt;strong&gt;Package Inclusion :&lt;/strong&gt;&lt;/div&gt;
&lt;div&gt;
  &lt;ul&gt;
    &lt;li&gt;3 Nights &amp;amp; 4 Days Accommodation in respective room for a Couple.&lt;/li&gt;
    &lt;li&gt;Welcome drink and fruit basket on arrival.&lt;/li&gt;
    &lt;li&gt;3 Morning Tea, 3 Breakfast and 3 Dinner.&lt;/li&gt;
    &lt;li&gt;Evening tea with cookies.&lt;/li&gt;
    &lt;li&gt;Flower Bed Decoration once during the stay.&lt;/li&gt;
    &lt;li&gt;Complimentary honeymoon cake once during the stay.&lt;/li&gt;
    &lt;li&gt;One Bottle Apple wine in the room on arrival.&lt;/li&gt;
    &lt;li&gt;Every night Kesar Milk for a Couple.&lt;/li&gt;
    &lt;li&gt;Candle light dinner once during the stay.&lt;/li&gt;
    &lt;li&gt;10% discount on additional food, beverages and laundry.&lt;/li&gt;
    &lt;li&gt;Gift on departure.&lt;/li&gt;
    &lt;li&gt;Inclusive all applicable taxes.&lt;/li&gt;
    &lt;li&gt;Pick up &amp;amp; drop from bus stand.&lt;/li&gt;
    &lt;li&gt;Delhi - Manali - Delhi Transfer by A/C Volvo Bus.&lt;/li&gt;
    &lt;li&gt;One half day Manali local sight seen by individual non a/c Alto car.&lt;/li&gt;
    &lt;li&gt;One full day Snow Point / Rohtang pass sight seen&amp;nbsp;by Sumo on shearing basis.&lt;/li&gt;
    &lt;li&gt;One full day Kullu-Manikaran sight seen&amp;nbsp;by Sumo on shearing basis.&lt;/li&gt;
    &lt;li&gt;&lt;strong&gt;Note : Check in Checkout 11.30 Am in High Season :&lt;/strong&gt;&lt;/li&gt;
  &lt;/ul&gt;
&lt;/div&gt;</body>
<group>HONEYMOON PACKAGES MANALI</group>
</post>
<post slug="hotel-snow-park-manali-3*" group="honeymoon-packages-manali">
<title>Hotel Snow Park Manali 3*</title>
<body>&lt;p align=&quot;left&quot;&gt;&lt;strong&gt;Package Inclusion :&lt;/strong&gt;&lt;/p&gt;
&lt;div&gt;
  &lt;ul&gt;
    &lt;li&gt;3 Nights &amp;amp; 4 Days Accommodation in respective room for a Couple.&lt;/li&gt;
    &lt;li&gt;Welcome drink and fruit basket on arrival.&lt;/li&gt;
    &lt;li&gt;3 Morning Tea, 3 Breakfast and 3 Dinner.&lt;/li&gt;
    &lt;li&gt;Evening tea with cookies.&lt;/li&gt;
    &lt;li&gt;Flower Bed Decoration once during the stay.&lt;/li&gt;
    &lt;li&gt;Complimentary honeymoon cake once during the stay.&lt;/li&gt;
    &lt;li&gt;One Bottle Apple wine in the room on arrival.&lt;/li&gt;
    &lt;li&gt;Every night Kesar Milk for a Couple.&lt;/li&gt;
    &lt;li&gt;Candle light dinner once during the stay.&lt;/li&gt;
    &lt;li&gt;10% discount on additional food, beverages and laundry.&lt;/li&gt;
    &lt;li&gt;Gift on departure.&lt;/li&gt;
    &lt;li&gt;Inclusive all applicable taxes.&lt;/li&gt;
    &lt;li&gt;Pick up &amp;amp; drop from bus stand (except may &amp;amp; june).&lt;/li&gt;
    &lt;li&gt;Delhi - Manali - Delhi Transfer by A/C Volvo Bus.&lt;/li&gt;
    &lt;li&gt;One half day Manali local sight seen by individual non a/c Alto car.&lt;/li&gt;
    &lt;li&gt;One full day Snow Point / Rohtang pass sight seen&amp;nbsp;by Sumo on shearing basis.&lt;/li&gt;
    &lt;li&gt;One full day Kullu-Manikaran sight seen&amp;nbsp;by Sumo on shearing basis.&lt;/li&gt;
    &lt;li&gt;&lt;strong&gt;Note : Check in Checkout 11.30 Am in High Season :&lt;/strong&gt;&lt;/li&gt;
  &lt;/ul&gt;
&lt;/div&gt;
</body>
<group>HONEYMOON PACKAGES MANALI</group>
</post>
<post slug="hotel-sitara-international-manali-3*" group="honeymoon-packages-manali">
<title>Hotel Sitara International Manali 3*</title>
<body>&lt;div&gt;&lt;strong&gt;Package Inclusion :&lt;/strong&gt;&lt;/div&gt;
&lt;div&gt;
  &lt;ul&gt;
    &lt;li&gt;3 Nights &amp;amp; 4 Days Accommodation in respective room for a Couple.&lt;/li&gt;
    &lt;li&gt;Welcome drink and fruit basket on arrival.&lt;/li&gt;
    &lt;li&gt;3 Morning Tea, 3 Breakfast and 3 Dinner.&lt;/li&gt;
    &lt;li&gt;Evening tea with cookies.&lt;/li&gt;
    &lt;li&gt;Flower Bed Decoration once during the stay.&lt;/li&gt;
    &lt;li&gt;Complimentary honeymoon cake once during the stay.&lt;/li&gt;
    &lt;li&gt;One Bottle Apple wine in the room on arrival.&lt;/li&gt;
    &lt;li&gt;Every night Kesar Milk for a Couple.&lt;/li&gt;
    &lt;li&gt;Candle light dinner once during the stay.&lt;/li&gt;
    &lt;li&gt;Free Entry to Disco &amp;amp; Recreational facilities.(Accept Billiard)&amp;nbsp;&lt;/li&gt;
    &lt;li&gt;10% discount on additional food, beverages and laundry.&lt;/li&gt;
    &lt;li&gt;Gift on departure.&lt;/li&gt;
    &lt;li&gt;Inclusive all applicable taxes.&lt;/li&gt;
    &lt;li&gt;Pick up &amp;amp; drop from bus stand (except may &amp;amp; june).&lt;/li&gt;
    &lt;li&gt;Delhi - Manali - Delhi Transfer by A/C Volvo Bus.&lt;/li&gt;
    &lt;li&gt;One half day Manali local sight seen by individual non a/c Alto car.&lt;/li&gt;
    &lt;li&gt;One full day Snow Point / Rohtang pass sight seen&amp;nbsp;by Sumo on shearing basis.&lt;/li&gt;
    &lt;li&gt;One full day Kullu-Manikaran sight seen&amp;nbsp;by Sumo on shearing basis.&lt;/li&gt;
    &lt;li&gt;&lt;strong&gt;Note : Check in Checkout 11.30 Am in High Season &lt;/strong&gt;&lt;/li&gt;
  &lt;/ul&gt;
&lt;/div&gt;
</body>
<group>HONEYMOON PACKAGES MANALI</group>
</post>
<post slug="royal-park-resort-manali-3*" group="honeymoon-packages-manali">
<title>Royal Park Resort Manali 3*</title>
<body>&lt;div&gt;&lt;strong&gt;Package Inclusion :&lt;/strong&gt;&lt;/div&gt;
&lt;div&gt;
  &lt;ul&gt;
    &lt;li&gt;3 Nights &amp; 4 Days Accommodation in respective room for a Couple.&lt;/li&gt;
    &lt;li&gt;Welcome drink and fruit basket on arrival.&lt;/li&gt;
    &lt;li&gt;3 Morning Tea, 3 Breakfast and 3 Dinner.&lt;/li&gt;
    &lt;li&gt;Evening tea with cookies.&lt;/li&gt;
    &lt;li&gt;Flower Bed Decoration once during the stay.&lt;/li&gt;
    &lt;li&gt;Complimentary honeymoon cake once during the stay.&lt;/li&gt;
    &lt;li&gt;One Bottle Apple wine in the room on arrival.&lt;/li&gt;
    &lt;li&gt;Every night Kesar Milk for a Couple.&lt;/li&gt;
    &lt;li&gt;Candle light dinner once during the stay.&lt;/li&gt;
    &lt;li&gt;Free Entry to Disco once during the stay.&lt;/li&gt;
    &lt;li&gt;10% discount on additional food, beverages and laundry.&lt;/li&gt;
    &lt;li&gt;Gift on departure.&lt;/li&gt;
    &lt;li&gt;Inclusive all applicable taxes.&lt;/li&gt;
    &lt;li&gt;Pick up &amp; drop from bus stand (except may &amp; june).&lt;/li&gt;
    &lt;li&gt;Delhi - Manali - Delhi Transfer by A/C Volvo Bus.&lt;/li&gt;
    &lt;li&gt;One half day Manali local sight seen by individual non a/c Alto car.&lt;/li&gt;
    &lt;li&gt;One full day Snow Point / Rohtang pass sight seen&#194;&#160;by Sumo on shearing basis.&lt;/li&gt;
    &lt;li&gt;One full day Kullu-Manikaran sight seen&#194;&#160;by Sumo on shearing basis.&lt;/li&gt;
    &lt;li&gt;&lt;strong&gt;Note : Check in Checkout 11.30 Am in High Season :&lt;/strong&gt;&lt;/li&gt;
  &lt;/ul&gt;
&lt;/div&gt;
</body>
<group>HONEYMOON PACKAGES MANALI</group>
</post>
<post slug="snow-valley-resorts-manali-3*" group="honeymoon-packages-manali">
<title>Snow Valley Resorts Manali 3*</title>
<body>&lt;p&gt;&lt;strong&gt;Package inclusion :&lt;/strong&gt;&lt;/p&gt;
&lt;ul&gt;
  &lt;li&gt;Welcome drink on arrival.&lt;/li&gt;
  &lt;li&gt;3 Nights &amp;amp; 4 Days Accommodation for a Couple in respective room.&lt;/li&gt;
  &lt;li&gt;American/Indian Breakfast and Dinner.&lt;/li&gt;
  &lt;li&gt;Tea/Coffee Kettle in the Room (Replenished once during the day) .&lt;/li&gt;
  &lt;li&gt;Honeymoon Cake in room on arrival.&lt;/li&gt;
  &lt;li&gt;Flower Bed Decoration Once during the stay ( Subject to availability) .&lt;/li&gt;
  &lt;li&gt;Candle light dinner once during the stay .&lt;/li&gt;
  &lt;li&gt;Daily Kesar Milk for the Couple at Night .&lt;/li&gt;
  &lt;li&gt;Complimentary DVD Player in room for One day.&lt;/li&gt;
  &lt;li&gt;Laundry Services worth Rs 300/- complimentary .&lt;/li&gt;
  &lt;li&gt;One bottle of Apple Wine in the room on arrival .&lt;/li&gt;
  &lt;li&gt;10% discount on additional food, beverages and laundry.&lt;/li&gt;
  &lt;li&gt;A farewell gift.&lt;/li&gt;
  &lt;li&gt;Inclusive of All Presently Applicable Taxes(VAT, luxury Tax &amp;amp; ServiceTax )&lt;/li&gt;
  &lt;li&gt;Package extendable on Pro-Rata basis .&lt;/li&gt;
  &lt;li&gt;One hour free usage of Internet .&lt;/li&gt;
  &lt;li&gt;Complimentary use of Discotheque .&lt;/li&gt;
  &lt;li&gt;Unlimited use of Pool Table &amp;amp; Games Room&lt;/li&gt;
  &lt;li&gt;Inclusive all applicable taxes.&lt;/li&gt;
  &lt;li&gt;Pick up &amp;amp; drop from bus stand Manali.&lt;/li&gt;
  &lt;li&gt;Delhi - Manali - Delhi Transfer by A/C Volvo Bus.&lt;/li&gt;
  &lt;li&gt;One half day Manali local sight seen by individual non a/c Alto car.&lt;/li&gt;
  &lt;li&gt;One full day Snow Point / Rohtang pass sight seen by individual non a/c Alto car.&lt;/li&gt;
  &lt;li&gt;One full day Kullu-Manikaran sight seen by individual non a/c Alto car.&lt;/li&gt;
  &lt;li&gt;&lt;strong&gt;Note : Check in Checkout 11.30 Am in High Season :&lt;/strong&gt;&lt;/li&gt;
&lt;/ul&gt;
</body>
<group>HONEYMOON PACKAGES MANALI</group>
</post>
<post slug="de-vivendi-resorts-manali-3*" group="honeymoon-packages-manali">
<title>De Vivendi Resorts Manali 3*</title>
<body>&lt;div&gt;&lt;strong&gt;Package Inclusion :&lt;/strong&gt;&lt;/div&gt;
&lt;div&gt;
  &lt;ul&gt;
    &lt;li&gt;3 Nights &amp;amp; 4 Days Accommodation in respective room for a Couple.&lt;/li&gt;
    &lt;li&gt;Welcome drink and fruit basket on arrival.&lt;/li&gt;
    &lt;li&gt;3 Morning Tea, 3 Breakfast and 3 Dinner.&lt;/li&gt;
    &lt;li&gt;Evening tea with cookies.&lt;/li&gt;
    &lt;li&gt;Flower Bed Decoration once during the stay.&lt;/li&gt;
    &lt;li&gt;Complimentary honeymoon cake once during the stay.&lt;/li&gt;
    &lt;li&gt;One Bottle Apple wine in the room on arrival.&lt;/li&gt;
    &lt;li&gt;Every night Kesar Milk for a Couple.&lt;/li&gt;
    &lt;li&gt;Candle light dinner once during the stay.&lt;/li&gt;
    &lt;li&gt;10% discount on additional food, beverages and laundry.&lt;/li&gt;
    &lt;li&gt;Gift on departure.&lt;/li&gt;
    &lt;li&gt;DVD player (Platinum room only)&lt;/li&gt;
    &lt;li&gt;Jacuzzi (Platinum room only)&lt;/li&gt;
    &lt;li&gt;Inclusive all applicable taxes.&lt;/li&gt;
    &lt;li&gt;Pick up &amp;amp; drop from bus stand (except may &amp;amp; june).&lt;/li&gt;
    &lt;li&gt;Delhi - Manali - Delhi Transfer by A/C Volvo Bus.&lt;/li&gt;
    &lt;li&gt;One half day Manali local sight seen by individual non a/c Alto car.&lt;/li&gt;
    &lt;li&gt;One full day Snow Point / Rohtang pass sight seen by individual non a/c Alto car.&lt;/li&gt;
    &lt;li&gt;One full day Kullu-Manikaran sight seen by individual non a/c Alto car.&lt;/li&gt;
    &lt;li&gt;&lt;strong&gt;Note : Check in Checkout 11.30 Am in High Season :&lt;/strong&gt;&lt;/li&gt;
  &lt;/ul&gt;
&lt;/div&gt;
</body>
<group>HONEYMOON PACKAGES MANALI</group>
</post>
<post slug="shingar-regency-manali-3*" group="honeymoon-packages-manali">
<title>Shingar Regency Manali 3*</title>
<body>&lt;div&gt;&lt;strong&gt;Package Inclusion :&lt;/strong&gt;&lt;/div&gt;
&lt;div&gt;
  &lt;ul&gt;
    &lt;li&gt;3 nights accommodation in a Superior room for a couple.&lt;/li&gt;
    &lt;li&gt;Welcome drink on arrival (non alcoholic).&lt;/li&gt;
    &lt;li&gt;Bed tea,buffet breakfast and dinner.&lt;/li&gt;
    &lt;li&gt;Evening tea with cookies.&lt;/li&gt;
    &lt;li&gt;Honeymoon cake once during the stay.&lt;/li&gt;
    &lt;li&gt;Flower bed decoration once during the stay.&lt;/li&gt;
    &lt;li&gt;One candle light dinner.&lt;/li&gt;
    &lt;li&gt;Every Day Kesar Milk for a couple.&lt;/li&gt;
    &lt;li&gt;One sitting of sauna and steam.&lt;/li&gt;
    &lt;li&gt;Fruit basket, cookies &amp;amp; Chocolates on arrival.&lt;/li&gt;
    &lt;li&gt;Two bottles of mineral water daily.&lt;/li&gt;
    &lt;li&gt;10% discount on additional food and beverages&lt;/li&gt;
    &lt;li&gt;15% discount on laundry services&lt;/li&gt;
    &lt;li&gt;Farewell gift.&lt;/li&gt;
    &lt;li&gt;Free use of in house recreational facilities.&lt;/li&gt;
    &lt;li&gt;Complementary Wi-Fi.&lt;/li&gt;
    &lt;li&gt;Inclusive all applicable taxes.&lt;/li&gt;
    &lt;li&gt;Pick up &amp;amp; drop from bus stand Manali.&lt;/li&gt;
    &lt;li&gt;Delhi - Manali - Delhi Transfer by A/C Volvo Bus.&lt;/li&gt;
    &lt;li&gt;One half day Manali local sight seen by individual non a/c Alto car.&lt;/li&gt;
    &lt;li&gt;One full day Snow Point / Rohtang pass sight seen by individual non a/c Alto car.&lt;/li&gt;
    &lt;li&gt;One full day Kullu-Manikaran sight seen by individual non a/c Alto car.&lt;/li&gt;
    &lt;li&gt;&lt;strong&gt;Note : Check in Checkout 11.30 Am in High Season :&lt;/strong&gt;&lt;/li&gt;
  &lt;/ul&gt;
&lt;/div&gt;
</body>
<group>HONEYMOON PACKAGES MANALI</group>
</post>
<post slug="hotel-honeymoon-inn-manali-3*" group="honeymoon-packages-manali">
<title>Hotel Honeymoon Inn Manali 3*</title>
<body>&lt;strong&gt;Package Inclusion :&lt;/strong&gt;&lt;br&gt;
&lt;ul&gt;
  &lt;li&gt;3 Nights &amp;amp; 4 Days stay in respective room.&lt;/li&gt;
  &lt;li&gt;Garlanding and Tikka on arrival.&lt;/li&gt;
  &lt;li&gt;Welcome Drink and Fruit Basket on arrival.&lt;/li&gt;
  &lt;li&gt;Daily Bed tea with Cookies , Breakfast &amp;amp; Dinner&lt;/li&gt;
  &lt;li&gt;Evening Tea with cookies&lt;/li&gt;
  &lt;li&gt;Daily Fruit Basket and Cookies in room&lt;/li&gt;
  &lt;li&gt;Flower decoration once during the stay&lt;/li&gt;
  &lt;li&gt;One Candle light dinner during the stay&lt;/li&gt;
  &lt;li&gt;Two glasses of apple wine once during stay .&lt;/li&gt;
  &lt;li&gt;Honeymoon Special Cake once during the stay&lt;/li&gt;
  &lt;li&gt;Luxury toiletry kit in bathroom&lt;/li&gt;
  &lt;li&gt;Two Glasses of Almond and Saffron Milk every night&lt;/li&gt;
  &lt;li&gt;Unlimited Tea/ Coffee on Demand&lt;/li&gt;
  &lt;li&gt;Two bottles of mineral water every night&lt;/li&gt;
  &lt;li&gt;10%&amp;nbsp; discount on additional&amp;nbsp; food bills&lt;/li&gt;
  &lt;li&gt;Souvenir at time of departure&lt;/li&gt;
  &lt;li&gt;Inclusive all applicable taxes.&lt;/li&gt;
  &lt;li&gt;Pick up &amp;amp; drop from bus stand Manali.&lt;/li&gt;
  &lt;li&gt;Delhi - Manali - Delhi Transfer by A/C Volvo Bus.&lt;/li&gt;
  &lt;li&gt;One half day Manali local sight seen by individual non a/c Alto car.&lt;/li&gt;
  &lt;li&gt;One full day Snow Point / Rohtang pass sight seen by individual non a/c Alto car.&lt;/li&gt;
  &lt;li&gt;One full day Kullu-Manikaran sight seen by individual non a/c Alto car.&lt;/li&gt;
  &lt;li&gt;&lt;strong&gt;Note : Check in Checkout 11.30 Am in High Season :&lt;/strong&gt;&lt;/li&gt;
&lt;/ul&gt;
</body>
<group>HONEYMOON PACKAGES MANALI</group>
</post>
<post slug="apple-country-resorts-manali-4*" group="honeymoon-packages-manali">
<title>Apple Country Resorts Manali 4*</title>
<body>&lt;div&gt;&lt;strong&gt;Package Inclusion :&lt;/strong&gt;&lt;/div&gt;
&lt;div&gt;
  &lt;ul&gt;
    &lt;li&gt;3 Nights &amp;amp; 4 Days stay in respective room.&lt;/li&gt;
    &lt;li&gt;Welcome drink (non alcoholic) on arrival.&lt;/li&gt;
    &lt;li&gt;Morning Tea &amp;amp; Breakfast.&lt;/li&gt;
    &lt;li&gt;Flower decoration in the room once during the stay&lt;/li&gt;
    &lt;li&gt;Candle light dinner every night&lt;/li&gt;
    &lt;li&gt;A personalized cake &amp;amp; a fruit basket&lt;/li&gt;
    &lt;li&gt;Party in the discotheque every evening&lt;/li&gt;
    &lt;li&gt;Coupons worth Rs.500 for the bar (Drinks only)&lt;/li&gt;
    &lt;li&gt;Steam or sauna bath once during the stay&lt;/li&gt;
    &lt;li&gt;A Luxury Massage once during the stay (for both).&lt;/li&gt;
    &lt;li&gt;Laundry Service (except dry cleaning &amp;amp; heavy garments).&lt;/li&gt;
    &lt;li&gt;Inclusive all applicable taxes.&lt;/li&gt;
    &lt;li&gt;Pick up &amp;amp; drop from bus stand Manali.&lt;/li&gt;
    &lt;li&gt;Delhi - Manali - Delhi Transfer by A/C Volvo Bus.&lt;/li&gt;
    &lt;li&gt;One half day Manali local sight seen by individual non a/c Alto car.&lt;/li&gt;
    &lt;li&gt;One full day Snow Point / Rohtang pass sight seen by individual non a/c Alto car.&lt;/li&gt;
    &lt;li&gt;One full day Kullu-Manikaran sight seen by individual non a/c Alto car.&lt;/li&gt;
    &lt;li&gt;&lt;strong&gt;Note : Check in Checkout 11.30 Am in High Season :&lt;/strong&gt;&lt;/li&gt;
  &lt;/ul&gt;
&lt;/div&gt;
</body>
<group>HONEYMOON PACKAGES MANALI</group>
</post>
<post slug="quality-inn-river-country-resorts-manali-4*" group="honeymoon-packages-manali">
<title>Quality Inn River Country Resorts Manali 4*</title>
<body>&lt;div&gt;&lt;strong&gt;Package Inclusion :&lt;/strong&gt;&lt;/div&gt;
&lt;div&gt;
  &lt;ul&gt;
    &lt;li&gt;3 Nights &amp;amp; 4 Days stay in respective room.&lt;/li&gt;
    &lt;li&gt;Welcome Drinks on Arrival.&lt;/li&gt;
    &lt;li&gt;Cookies and Fruit Basket on Arrival.&lt;/li&gt;
    &lt;li&gt;Buffet break fast &amp;amp; dinner.&lt;/li&gt;
    &lt;li&gt;Tea/coffee maker in the room.&lt;/li&gt;
    &lt;li&gt;Cookies and fruit basket on daily basis.&lt;/li&gt;
    &lt;li&gt;Cake on the night prior to departure.&lt;/li&gt;
    &lt;li&gt;One bottle of wine/Two mock-tails.&lt;/li&gt;
    &lt;li&gt;One of the dinners as candle light.&lt;/li&gt;
    &lt;li&gt;Flower decoration once in the package .&lt;/li&gt;
    &lt;li&gt;Spa coupons worth Rs 1,500/-.&lt;/li&gt;
    &lt;li&gt;Goodnight chocolates and mints on daily basis.&lt;/li&gt;
    &lt;li&gt;Souvenir gift on farewell.&lt;/li&gt;
    &lt;li&gt;Complimentary usage of gymnasium and recreations.&lt;/li&gt;
    &lt;li&gt;Free entry to the discotheque.&lt;/li&gt;
    &lt;li&gt;15% Discount on SPA Treatments.&lt;/li&gt;
    &lt;li&gt;Inclusive all applicable taxes.&lt;/li&gt;
    &lt;li&gt;Pick up &amp;amp; drop from bus stand Manali.&lt;/li&gt;
    &lt;li&gt;Delhi - Manali - Delhi Transfer by A/C Volvo Bus.&lt;/li&gt;
    &lt;li&gt;One half day Manali local sight seen by individual non a/c Alto car.&lt;/li&gt;
    &lt;li&gt;One full day Snow Point / Rohtang pass sight seen by individual non a/c Alto car.&lt;/li&gt;
    &lt;li&gt;One full day Kullu-Manikaran sight seen by individual non a/c Alto car.&lt;/li&gt;
    &lt;li&gt;&lt;strong&gt;Note : Check in Checkout 11.30 Am in High Season :&lt;/strong&gt;&lt;/li&gt;
  &lt;/ul&gt;
&lt;/div&gt;
</body>
<group>HONEYMOON PACKAGES MANALI</group>
</post>
<post slug="manali-resorts-manali-3*" group="honeymoon-packages-manali">
<title>Manali Resorts Manali 3*</title>
<body>&lt;p&gt;&lt;strong&gt;Package Inclusion :&lt;/strong&gt;&lt;/p&gt;
&lt;ul&gt;
  &lt;li&gt;3&amp;nbsp;Nights &amp;amp; 4 Days Accommodation in respective room.&lt;/li&gt;
  &lt;li&gt;Welcome Drink - Non Alcoholic.&lt;/li&gt;
  &lt;li&gt;Accommodation for 3 nights and 4 days .&lt;/li&gt;
  &lt;li&gt;Fruit Basket &amp;amp; Cookies on the day of arrival .&lt;/li&gt;
  &lt;li&gt;Breakfast and Dinner.&lt;/li&gt;
  &lt;li&gt;Barbecue and Live Musical Evenings.&lt;/li&gt;
  &lt;li&gt;Flower Decoration in the Room.&lt;/li&gt;
  &lt;li&gt;Cake &amp;amp; Dry Fruits on Arrival.&lt;/li&gt;
  &lt;li&gt;Option of Breakfast in Bed.&lt;/li&gt;
  &lt;li&gt;A Bottle of Indian Wine.&lt;/li&gt;
  &lt;li&gt;Candle Light Dinner.&lt;/li&gt;
  &lt;li&gt;Almond Milk every Night.&lt;/li&gt;
  &lt;li&gt;Good Night Mints.&lt;/li&gt;
  &lt;li&gt;Happy Hours at the Bar.&lt;/li&gt;
  &lt;li&gt;Tea/Coffee Maker in the room.&lt;/li&gt;
  &lt;li&gt;Unlimited Usage of Gymnasium.&lt;/li&gt;
  &lt;li&gt;One Sitting of Steam or Sauna.&lt;/li&gt;
  &lt;li&gt;In-House Recreational Facilities except Billiards.&lt;/li&gt;
  &lt;li&gt;Extension on pro-rata.&lt;/li&gt;
  &lt;li&gt;Farewell Gift.&lt;/li&gt;
  &lt;li&gt;Pick up &amp;amp; drop from bus stand Manali.&lt;/li&gt;
  &lt;li&gt;Delhi - Manali - Delhi Transfer by A/C Volvo Bus.&lt;/li&gt;
  &lt;li&gt;One half day Manali local sight seen by individual non a/c Alto car.&lt;/li&gt;
  &lt;li&gt;One full day Snow Point / Rohtang pass sight seen by individual non a/c Alto car.&lt;/li&gt;
  &lt;li&gt;One full day Kullu-Manikaran sight seen by individual non a/c Alto car.&lt;/li&gt;
  &lt;li&gt;&lt;strong&gt;Note : Check in Checkout 11.30 Am in High Season :&lt;/strong&gt;&lt;/li&gt;
&lt;/ul&gt;
</body>
<group>HONEYMOON PACKAGES MANALI</group>
</post>
<post slug="glacier-resorts-manali" group="honeymoon-packages-manali">
<title>Glacier Resorts Manali</title>
<body>&lt;div&gt;&lt;strong&gt;Package Inclusion :&lt;/strong&gt;&lt;/div&gt;
&lt;div&gt;
  &lt;ul&gt;
    &lt;li&gt;3 Nights &amp;amp; 4 Days Accommodation in respective room for a Couple.&lt;/li&gt;
    &lt;li&gt;Welcome drink on arrival (Tea, Coffee &amp;amp; Juice).&lt;/li&gt;
    &lt;li&gt;Fruits, Cookies, chocolates, cake on very first day.&lt;/li&gt;
    &lt;li&gt;3 Morning Tea, 3 Breakfast and 3 Dinner.&lt;/li&gt;
    &lt;li&gt;Daily two bottles of mineral water during the stay.&lt;/li&gt;
    &lt;li&gt;Evening tea with cookies.&lt;/li&gt;
    &lt;li&gt;Flower Bed Decoration once during the stay.&lt;/li&gt;
    &lt;li&gt;One bottle of fruit wine &amp;amp;, snacks will be provided before candle light dinner.&lt;/li&gt;
    &lt;li&gt;In season time candle light dinner will be provided in room balcony only.&lt;/li&gt;
    &lt;li&gt;Badam milk (Only for two nights) in the evening.&lt;/li&gt;
    &lt;li&gt;15 % discount on laundry service.&lt;/li&gt;
    &lt;li&gt;10 % discount on extra food.&lt;/li&gt;
    &lt;li&gt;Surprise gift at the time of check out from the resort.&lt;/li&gt;
    &lt;li&gt;Inclusive all applicable taxes.&lt;/li&gt;
    &lt;li&gt;Pick up &amp;amp; drop from bus stand.&lt;/li&gt;
    &lt;li&gt;Delhi - Manali - Delhi Transfer by A/C Volvo Bus.&lt;/li&gt;
    &lt;li&gt;One half day Manali local sight seen by individual non a/c Alto car.&lt;/li&gt;
    &lt;li&gt;One full day Snow Point / Rohtang pass sight seen by individual non a/c Alto car.&lt;/li&gt;
    &lt;li&gt;One full day Kullu-Manikaran sight seen by individual non a/c Alto car.&lt;/li&gt;
  &lt;/ul&gt;
&lt;/div&gt;
</body>
<group>HONEYMOON PACKAGES MANALI</group>
</post>
<post slug="shimla-manali-tour-packages" group="delhi-manali-volvo-packages">
<title>Shimla Manali Tour Packages</title>
<body>&lt;p&gt;&lt;strong&gt;Book Your Packages Get 10% Discount&lt;/strong&gt;&lt;br&gt;
  Season Cost :&amp;nbsp;Rs.24999 Deluxe Package, Rs.30999 Luxury Package.&lt;br&gt;
  Off Season :&amp;nbsp;Rs.21999 Deluxe Package, Rs.26499 Luxury Package &lt;/p&gt;
&lt;p&gt;&amp;nbsp;&lt;/p&gt;
&lt;div&gt;&lt;strong&gt;Package Inclusion :&lt;/strong&gt;&lt;/div&gt;
&lt;div&gt;
  &lt;ul&gt;
    &lt;li&gt;2 Nights / 3 Days stay at Shimla as per Package Chosen for a couple.&lt;/li&gt;
    &lt;li&gt;3 Nights / 4 Days stay at Manali as per Package Chosen for a couple.&lt;/li&gt;
    &lt;li&gt;Welcome drink &amp;amp; fruit basket on arrival.&lt;/li&gt;
    &lt;li&gt;5 Morning Tea, 5 Breakfast and 5 Dinner.&lt;/li&gt;
    &lt;li&gt;Evening Tea with cookies.&lt;/li&gt;
    &lt;li&gt;Delhi to Shimla &amp;amp; Manali to Delhi by Volvo Ac bus.&lt;/li&gt;
    &lt;li&gt;One half day Shimla sight seen by Individual non ac car.&lt;/li&gt;
    &lt;li&gt;One full day sight seen of Shimla - Kufri by Individual non ac car.&lt;/li&gt;
    &lt;li&gt;Shimla to Manali &amp;amp; Kullu Manaikaran sight seen by Individual non ac car.&lt;/li&gt;
    &lt;li&gt;One half day Manali local sight seen by Individual non ac car.&lt;/li&gt;
    &lt;li&gt;One full day Snow point (Rohtang pass) sight seen by quails on shearing basis.&lt;/li&gt;
    &lt;li&gt;All applicable taxes.&lt;/li&gt;
  &lt;/ul&gt;
&lt;/div&gt;
&lt;div&gt;Hotels Use in 2* Category Hotels (Deluxe) :&lt;/div&gt;
&lt;div&gt;&lt;br&gt;
&lt;/div&gt;
&lt;div&gt;Hotel Dreamland Shimla in Super Deluxe Room,&lt;/div&gt;
&lt;div&gt;Royal Orchid Resorts Manali in Super Deluxe Room&lt;/div&gt;
&lt;div&gt;&lt;br&gt;
&lt;/div&gt;
&lt;div&gt;
  &lt;p&gt;&amp;nbsp;&lt;/p&gt;
  &lt;p&gt;Hotels Use in 3* Category Hotels (Luxury) :&lt;/p&gt;
&lt;/div&gt;
&lt;div&gt;&lt;br&gt;
&lt;/div&gt;
&lt;div&gt;Hotel Shingar Shimla in Deluxe Room,&lt;/div&gt;
&lt;div&gt;Hotel Snow Park Manali in Super Deluxe Room,&lt;/div&gt;
&lt;div&gt;&lt;br&gt;
&lt;/div&gt;
&lt;div&gt;
  &lt;p&gt;&amp;nbsp;&lt;/p&gt;
  &lt;p&gt;&lt;strong&gt;Tour itinerary :&lt;/strong&gt;&lt;/p&gt;
&lt;/div&gt;
&lt;div&gt;&lt;br&gt;
&lt;/div&gt;
&lt;div&gt;&lt;strong&gt;Day 1st.&lt;/strong&gt;&amp;nbsp;Delhi &amp;ndash; Shimla,&lt;/div&gt;
&lt;div&gt;Evening 8.30 PM departure from New Delhi for Shimla, Over night journey.&lt;/div&gt;
&lt;div&gt;&lt;br&gt;
&lt;/div&gt;
&lt;div&gt;&lt;strong&gt;&lt;br&gt;
Day 2nd.&lt;/strong&gt;&amp;nbsp;Shimla,&lt;/div&gt;
&lt;div&gt;Arrival Shima in the morning check in to hotel and relax. &amp;nbsp;Afternoon visit to Shimla local sight seen evening come back to hotel dinner and over night stay.&lt;/div&gt;
&lt;div&gt;&lt;br&gt;
&lt;/div&gt;
&lt;div&gt;&lt;strong&gt;&lt;br&gt;
Day 3rd&lt;/strong&gt;. Shimla &amp;ndash; Kufri,&lt;/div&gt;
&lt;div&gt;After breakfast visit to Shimla - Kufri sight seen and evening come back to hotel relax dinner and over night stay.&lt;/div&gt;
&lt;div&gt;&lt;br&gt;
  &lt;br&gt;
&lt;/div&gt;
&lt;div&gt;&lt;strong&gt;Day 4th.&lt;/strong&gt;&amp;nbsp;Shimla - Manali,&lt;/div&gt;
&lt;div&gt;After breakfast check out to hotel and departure for Manali En-rout visit Kullu Manikaran and proceed to Manali. Arrival Manali in the evening check in to hotel relax dinner and over night stay.&lt;/div&gt;
&lt;div&gt;&lt;br&gt;
  &lt;br&gt;
&lt;/div&gt;
&lt;div&gt;&lt;strong&gt;Day 5th&lt;/strong&gt;. Manali - Snow Point, (Rohtang Pass)&lt;/div&gt;
&lt;div&gt;After breakfast visit to Snow Point Rohtang Pass, Kothi, Gulaba and evening come back to hotel dinner and over night stay.&lt;/div&gt;
&lt;div&gt;&lt;br&gt;
  &lt;br&gt;
&lt;/div&gt;
&lt;div&gt;&lt;strong&gt;Day 6th.&amp;nbsp;&lt;/strong&gt;Manali - Local sight seen,&lt;/div&gt;
&lt;div&gt;After breakfast visit to Hadimba Devi Temple, Club House &amp;amp; Tibetan Monastery The Mall Manali and evening come back to hotel dinner and over night stay.&lt;/div&gt;
&lt;div&gt;&lt;br&gt;
  &lt;br&gt;
&lt;/div&gt;
&lt;div&gt;&lt;strong&gt;Day 7th.&lt;/strong&gt;&amp;nbsp;&amp;nbsp;Manali- Delhi,&lt;/div&gt;
&lt;div&gt;After breakfast check out to hotel and evening 4.00 Pm departure for Delhi, Over night journey.&lt;/div&gt;
&lt;div&gt;&lt;br&gt;
  &lt;br&gt;
&lt;/div&gt;
&lt;div&gt;&lt;strong&gt;Day 8th.&lt;/strong&gt;&amp;nbsp;Delhi,&lt;/div&gt;
&lt;div&gt;Arrival in the morning 7.00 AM.&lt;/div&gt;
</body>
<group>DELHI MANALI VOLVO PACKAGES</group>
</post>
<post slug="chandigarh-shimla-manali-tour" group="tour-packages">
<title>Chandigarh Shimla Manali Tour</title>
<body>&lt;strong&gt;Book Your Packages Get 10% Discount&lt;/strong&gt;&lt;br&gt;
&lt;strong&gt;Season Cost :&amp;nbsp;&lt;/strong&gt;&lt;br&gt;
&lt;strong&gt;Off Season :&lt;/strong&gt;
&lt;p&gt;&lt;strong&gt;Chandigarh shimla manali tour&lt;/strong&gt;&lt;/p&gt;
&lt;p&gt;&lt;strong&gt;&lt;span times=&quot;&quot; new=&quot;&quot; roman&gt;Kanak Holidays offers Chandigarh shimla manali tour packages, delhi to shimla manali honeymoon packages.Shimla is immensely blessed with beauty of nature which makes it one of the favored destinations of honeymoon couples, nature lovers, families and adventure enthusiasts. This beautiful city has many appealing tourist attractions, which never fails to enthrall tourists and grab the attention of visitors.&lt;/span&gt;&lt;/strong&gt;&lt;/p&gt;
</body>
<group>TOUR PACKAGES</group>
</post>
</posts>
</database>