<?xml version="1.0" encoding="UTF-8"?>

<Profile>
    <profile1></profile1>
	<profile2>http://localhost:8080/htsportal/</profile2>
    <database>
    	<host>localhost</host>
    	<port>3306</port>
    	<user>root</user>
    	<password>root</password>
    	<dbname>nhm</dbname>
    </database>
    <mail>
        <smtp>
			<admin>abc@def.com</admin>
            <host>172.22.65.51</host>
            <port>25</port>
            <auth>false</auth>
            <user></user>
            <pass></pass>
        </smtp>
    </mail>
</Profile>
