<?xml version="1.0" encoding="utf-8"?>
<!DOCTYPE hibernate-mapping PUBLIC "-//Hibernate/Hibernate Mapping DTD 3.0//EN"
"http://hibernate.sourceforge.net/hibernate-mapping-3.0.dtd">
<!-- 
    Mapping file autogenerated by MyEclipse Persistence Tools
-->
<hibernate-mapping>
    <class name="com.ht.syndication.htsportal.domain.CategoryImpl" table="category">
        <id name="id" type="java.lang.Integer">
            <column name="id" />
            <generator class="increment" />
        </id>
        <property name="details" type="java.lang.String">
            <column name="details" length="1000" />
        </property>
        <property name="name" type="java.lang.String">
            <column name="name" length="45" not-null="true" />
        </property>
        <property name="status" type="java.lang.Short">
            <column name="status" not-null="true" />
        </property>
        <property name="createdate" type="java.util.Date">
            <column name="createdate" length="19" />
        </property>
        <property name="updatedate" type="java.util.Date">
            <column name="updatedate" length="19" />
        </property>
        <property name="updatedby" type="java.lang.String">
            <column name="updatedby" length="30" not-null="true" />
        </property>
        
         <set name = "content" table="content_category" inverse = "true" lazy = "true" fetch="select">
	        <key>
	        	<column name = "category_id" sql-type = "BIGINT" />
	        </key>
        	<many-to-many class = "com.ht.syndication.htsportal.domain.ContentImpl">
        		<column name= "content_id" not-null = "true"/>
        	</many-to-many>
        </set>
    </class>
</hibernate-mapping>