<?xml version="1.0" encoding="utf-8"?>
<!DOCTYPE hibernate-mapping PUBLIC "-//Hibernate/Hibernate Mapping DTD 3.0//EN"
"http://hibernate.sourceforge.net/hibernate-mapping-3.0.dtd">
<!-- 
    Mapping file autogenerated by MyEclipse Persistence Tools
-->
<hibernate-mapping>
    <class name="com.ht.syndication.htsportal.domain.ContentImpl" table="content" >
        <id name="id" type="java.lang.Integer">
            <column name="id" />
            <generator class="increment" />
        </id>
        <property name="headline" type="java.lang.String">
            <column name="headline" length="1000" not-null="true" />
        </property>
        <property name="news" type="java.lang.String">
            <column name="news" not-null="true" />
        </property>
        <property name="byline" type="java.lang.String">
            <column name="byline"  length="200" />
        </property>
        <property name="section" type="java.lang.String">
            <column name="section" length="40" />
        </property>
        <property name="uniqueid" type="java.lang.String">
            <column name="uniqueid" length="20" />
        </property>
        <property name="location" type="java.lang.String">
            <column name="location" length="60" not-null="true" />
        </property>
        <property name="copyright" type="java.lang.String">
            <column name="copyright" length="200" />
        </property>
          <property name="updatedby" type="java.lang.String">
            <column name="updatedby" length="30" not-null="true" />
        </property>
        <property name="contentdate" type="java.util.Date">
            <column name="contentdate" length="19" />
        </property>
         <property name="createdate" type="java.util.Date">
            <column name="createdate" length="19" />
        </property>
         <property name="updatedate" type="java.util.Date">
            <column name="updatedate" length="19" />
        </property>
         <property name="indexdate" type="java.util.Date">
            <column name="indexdate" length="19" />
        </property>
         <property name="status" type="java.lang.Short">
            <column name="status" not-null="true" />
        </property>
        <many-to-one name="publication" class="com.ht.syndication.htsportal.domain.PublicationImpl" foreign-key = "CONTENT_PUBLICATION_IDC" fetch="select">
            <column name="publication_id" not-null="true" />
        </many-to-one>
         <many-to-one name="source" class="com.ht.syndication.htsportal.domain.SourceImpl" foreign-key = "CONTENT_SOURCE_IDC" fetch="select">
            <column name="source_id" not-null="true" />
        </many-to-one>

         <set name = "category" table="content_category" inverse = "false" lazy = "true" cascade="all" fetch="select">
	        <key>
	        	<column name = "content_id" sql-type = "BIGINT" />
	        </key>
        	<many-to-many class = "com.ht.syndication.htsportal.domain.CategoryImpl">
        	<column name= "category_id" not-null = "true"/>
        	</many-to-many>
        </set>
        
    </class>
</hibernate-mapping>