<?xml version="1.0" encoding="utf-8"?>
<!DOCTYPE hibernate-mapping PUBLIC "-//Hibernate/Hibernate Mapping DTD 3.0//EN" "http://hibernate.sourceforge.net/hibernate-mapping-3.0.dtd">
<hibernate-mapping>
    <class name="com.ht.syndication.htsportal.domain.EventImpl" table="event" >
        <id name="id" type="java.lang.Integer">
            <column name="id" />
            <generator class="increment" />
        </id>
        <property name="name" type="java.lang.String">
            <column name="name" length="50" not-null="true" />
        </property>
        <property name="details" type="java.lang.String">
            <column name="details" length="5000" />
        </property>
        <property name="status" type="java.lang.Short">
            <column name="status" not-null="true" />
        </property>
        <property name="createdate" type="java.util.Date">
            <column name="createdate" length="19" />
        </property>
        <property name="updatedate" type="java.util.Date">
            <column name="updatedate" length="19" />
        </property>
        <property name="updateby" type="java.lang.String">
            <column name="updateby" length="30" not-null="true" />
        </property>
        <set name="images" inverse="true" lazy="true" fetch="select">
	        <key foreign-key = "IMAGE_EVENT_IDC">
	        	<column name = "event" sql-type="java.lang.String" />
	        </key>
	        <one-to-many class="com.ht.syndication.htsportal.domain.ImageImpl" />
        </set>
        <property name="weight" type="java.lang.Integer">
            <column name="weight" />
        </property>
    </class>
</hibernate-mapping>
