<?xml version="1.0" encoding="utf-8"?>
<!DOCTYPE hibernate-mapping PUBLIC "-//Hibernate/Hibernate Mapping DTD 3.0//EN" "http://hibernate.sourceforge.net/hibernate-mapping-3.0.dtd">
<hibernate-mapping>
    <class name="com.ht.syndication.htsportal.domain.ImageImpl" table="image" >
        <id name="id" type="java.lang.Integer">
            <column name="id" />
            <generator class="increment" />
        </id>
        <property name="name" type="java.lang.String">
            <column name="name" length="100" not-null="true" unique="true" />
        </property>
        <property name="extension" type="java.lang.String">
            <column name="extension" length="45" not-null="true" unique="true" />
        </property>
        <property name="title" type="java.lang.String">
            <column name="title" length="2000" />
        </property>
        <property name="author" type="java.lang.String">
        	<column name="author" length="100" />
        </property>
        <property name="details" type="java.lang.String">
            <column name="details" length="5000" />
        </property>
        <property name="type" type="java.lang.String">
            <column name="type" length="25" />
        </property>
        <property name="orientation" type="java.lang.String">
            <column name="orientation" length="25" />
        </property>
        <property name="editorial" type="java.lang.String">
            <column name="editorial" length="25" />
        </property>
        <property name="keywords" type="java.lang.String">
            <column name="keywords" length="2000" />
        </property>
        <property name="copyright" type="java.lang.String">
            <column name="copyright" length="200" />
        </property>
        <property name="width" type="java.lang.String">
            <column name="width" length="6" />
        </property>
        <property name="height" type="java.lang.String">
            <column name="height" length="6" />
        </property>
        <property name="resolution" type="java.lang.String">
            <column name="resolution" length="6" />
        </property>
        <property name="checksum" type="java.lang.String">
            <column name="checksum" length="128" unique="true" />
        </property>
        <property name="capturedate" type="java.util.Date">
            <column name="capturedate" length="19" />
        </property>
        <property name="indexdate" type="java.util.Date">
            <column name="indexdate" length="19" />
        </property>
         <property name="createdate" type="java.util.Date">
            <column name="createdate" length="19" />
        </property>
         <property name="updatedate" type="java.util.Date">
            <column name="updatedate" length="19" />
        </property>
        <property name="updateby" type="java.lang.String">
            <column name="updateby" length="30" not-null="true" />
        </property>
        <property name="status" type="java.lang.Short">
            <column name="status" not-null="true" />
        </property>
        <many-to-one name="event" class="com.ht.syndication.htsportal.domain.EventImpl" foreign-key = "IMAGE_EVENT_IDC" fetch="select">
            <column name="event" />
        </many-to-one>
         <set name = "imagetags" table="image_imagetags" inverse = "false" lazy = "true" cascade="all" fetch="select">
	        <key>
	        	<column name="image_id" sql-type = "BIGINT" />
	        </key>
        	<many-to-many class = "com.ht.syndication.htsportal.domain.ImagetagsImpl">
        		<column name= "imagetags_id" not-null = "true"/>
        	</many-to-many>
        </set>
    </class>
</hibernate-mapping>