<?xml version="1.0" encoding="utf-8"?>
<!DOCTYPE hibernate-mapping PUBLIC "-//Hibernate/Hibernate Mapping DTD 3.0//EN" "http://hibernate.sourceforge.net/hibernate-mapping-3.0.dtd">
<hibernate-mapping>
    <class name="com.ht.syndication.htsportal.domain.ImagetagsImpl" table="imagetags">
        <id name="id" type="java.lang.Integer">
            <column name="id" />
            <generator class="increment" />
        </id>
        <property name="name" type="java.lang.String">
            <column name="name" length="50" not-null="true" unique="true" />
        </property>
        <property name="details" type="java.lang.String">
            <column name="details" length="5000" />
        </property>
        <property name="weight" type="java.lang.Integer">
            <column name="weight" />
        </property>
        <property name="status" type="java.lang.Short">
            <column name="status" not-null="true" />
        </property>
        <property name="createdate" type="java.util.Date">
            <column name="createdate" length="19" />
        </property>
        <property name="updatedate" type="java.util.Date">
            <column name="updatedate" length="19" />
        </property>
        <property name="updateby" type="java.lang.String">
            <column name="updateby" length="30" not-null="true" />
        </property>
 		<property name="type" type="java.lang.Short">
            <column name="type" not-null="true" />
        </property>
 		<many-to-one name="parent" class="com.ht.syndication.htsportal.domain.ImagetagsImpl" foreign-key = "IMAGETAGS_PARENT_IDE" fetch="select">
 			<column name="parent" />
        </many-to-one>
		<set name="childs" table="imagetags" lazy="false" cascade="all-delete-orphan" inverse="false">
			<key column="parent"/>
			<one-to-many class="com.ht.syndication.htsportal.domain.ImagetagsImpl" />
		</set> 
		
		<set name="images" table="image_imagetags" inverse = "false" lazy = "true" cascade="all" fetch="select">
	        <key>
	        	<column name="imagetags_id" sql-type = "BIGINT" />
	        </key>
        	<many-to-many class = "com.ht.syndication.htsportal.domain.ImageImpl">
        		<column name= "image_id" not-null = "true"/>
        	</many-to-many>
        </set>
    </class>
</hibernate-mapping>