<?xml version="1.0" encoding="utf-8"?>
<!DOCTYPE hibernate-mapping PUBLIC "-//Hibernate/Hibernate Mapping DTD 3.0//EN"
"http://hibernate.sourceforge.net/hibernate-mapping-3.0.dtd">
<!-- 
    Mapping file autogenerated by MyEclipse Persistence Tools
-->
<hibernate-mapping>
    <class name="com.ht.syndication.htsportal.domain.PublicationImpl" table="publication">
        <id name="id" type="java.lang.Integer">
            <column name="id" />
            <generator class="increment" />
        </id>
        <property name="shortname" type="java.lang.String">
            <column name="shortname" length="10" not-null="true" />
        </property>
        
        <property name="name" type="java.lang.String">
            <column name="name" length="50" not-null="true" />
        </property>
        <property name="details" type="java.lang.String">
            <column name="details" length="2000" />
        </property>
        <property name="weburl" type="java.lang.String">
            <column name="weburl" length="100" />
        </property>
        <property name="email" type="java.lang.String">
            <column name="email" length="100" />
        </property>
        <property name="address" type="java.lang.String">
            <column name="address" length="200" />
        </property>
        <property name="phone" type="java.lang.String">
            <column name="phone" length="22" />
        </property>
        <property name="fax" type="java.lang.String">
            <column name="fax" length="22" />
        </property>
        <property name="contactperson1" type="java.lang.String">
            <column name="contactperson1" length="40" />
        </property>
        <property name="contactperson2" type="java.lang.String">
            <column name="contactperson2" length="40" />
        </property>
        <property name="contactperson3" type="java.lang.String">
            <column name="contactperson3" length="40" default="" />
        </property>
        <property name="otherinfo" type="java.lang.String">
            <column name="otherinfo" length="500" />
        </property>
        <property name="status" type="java.lang.Short">
            <column name="status" not-null="true" />
        </property>
        <property name="exclusive" type="java.lang.Short">
            <column name="exclusive" not-null="true" />
        </property>
        <property name="newsTicker" type="java.lang.Short">
            <column name="newsticker" not-null="true" />
        </property>
        
        <property name="createdate" type="java.util.Date">
            <column name="createdate" length="19" />
        </property>
        <property name="updatedate" type="java.util.Date">
            <column name="updatedate" length="19" />
        </property>
        <property name="updatedby" type="java.lang.String">
            <column name="updatedby" length="30" not-null="true" />
        </property>
        <many-to-one name="owner" class="com.ht.syndication.htsportal.domain.UserImpl" foreign-key = "PUBLICATION_OWNER_IDC" fetch="select">
            <column name="owner" not-null="true" />
        </many-to-one>
        <set name = "content" inverse = "true" lazy = "true" fetch="select">
	        <key foreign-key = "CONTENT_PUBLICATION_IDC">
	        	<column name = "publication_id" sql-type = "java.lang.Integer" />
	        </key>
	        <one-to-many class = "com.ht.syndication.htsportal.domain.ContentImpl" />
        </set>
        <set name="client" table="publication_client" inverse = "true" lazy = "true" fetch="select">
	        <key>
	        	<column name = "publication_id" sql-type = "BIGINT" />
	        </key>
        	<many-to-many class = "com.ht.syndication.htsportal.domain.ClientImpl">
        		<column name= "client_id" not-null = "true"/>
        	</many-to-many>
        </set>
        <set name = "revenue" inverse = "true" lazy = "true" fetch="select">
	        <key foreign-key = "PUBLICATION_REVENUE_IDC">
	        	<column name = "publication_id" sql-type = "java.lang.Integer" />
	        </key>
	        <one-to-many class = "com.ht.syndication.htsportal.domain.RevenueImpl" />
        </set>
    </class>
</hibernate-mapping>
