<?xml version="1.0" encoding="utf-8"?>
<!DOCTYPE hibernate-mapping PUBLIC "-//Hibernate/Hibernate Mapping DTD 3.0//EN"
"http://hibernate.sourceforge.net/hibernate-mapping-3.0.dtd">
<!-- 
    Mapping file autogenerated by MyEclipse Persistence Tools
-->
<hibernate-mapping>
    <class name="com.ht.syndication.htsportal.domain.RevenueImpl" table="revenue" >
        <id name="id" type="java.lang.Integer">
            <column name="id" />
            <generator class="increment" />
        </id>
        <many-to-one name="publication" class="com.ht.syndication.htsportal.domain.PublicationImpl" foreign-key = "PUBLICATION_REVENUE_IDC" fetch="select">
            <column name="publication_id" not-null="true" />
        </many-to-one>
        <many-to-one name="client" class="com.ht.syndication.htsportal.domain.ClientImpl" foreign-key="CLIENT_REVENUE_IDC" fetch="select">
            <column name="client_id" not-null="true" />
        </many-to-one>
        <property name="date" type="java.util.Date">
            <column name="date" length="19" />
        </property>
        <property name="amount" type="java.lang.Double">
            <column name="amount" />
        </property>
        <property name="status" type="java.lang.Short">
            <column name="status" not-null="true" />
        </property>
        <property name="updatedby" type="java.lang.String">
            <column name="updatedby" length="30" not-null="true" />
        </property>
        <property name="createdate" type="java.util.Date">
            <column name="createdate" length="19" />
        </property>
         <property name="updatedate" type="java.util.Date">
            <column name="updatedate" length="19" />
        </property>
    </class>
</hibernate-mapping>