<?xml version="1.0" encoding="utf-8"?>
<!DOCTYPE hibernate-mapping PUBLIC "-//Hibernate/Hibernate Mapping DTD 3.0//EN"
"http://hibernate.sourceforge.net/hibernate-mapping-3.0.dtd">
<!-- 
    Mapping file autogenerated by MyEclipse Persistence Tools
-->
<hibernate-mapping>
    <class name="com.ht.syndication.htsportal.domain.UsermessageImpl" table="usermessage">
        <id name="id" type="java.lang.Integer">
            <column name="id" />
            <generator class="increment" />
        </id>
        <property name="email" type="java.lang.String">
            <column name="email" length="60" not-null="true" />
        </property>
        <property name="firstname" type="java.lang.String">
            <column name="firstname" length="30" not-null="true" />
        </property>
        <property name="lastname" type="java.lang.String">
            <column name="lastname" length="30" not-null="true"/>
        </property>
        <property name="organisationName" type="java.lang.String">
            <column name="organisationname" length="200" not-null="true"/>
        </property>
        <property name="message" type="java.lang.String">
            <column name="message" length="5000" not-null="true" />
        </property>
        <property name="to" type="java.lang.String">
            <column name="emailto" length="500" not-null="true" />
        </property>
        <property name="cc" type="java.lang.String">
            <column name="cc" length="500" />
        </property>
        <property name="bcc" type="java.lang.String">
            <column name="bcc" length="500" />
        </property>
        <property name="subject" type="java.lang.String">
            <column name="emailsubject" length="200" not-null="true" />
        </property>
        <property name="comments" type="java.lang.String">
            <column name="comments" length="500" />
        </property>
        <property name="status" type="java.lang.Short">
            <column name="status" not-null="true" sql-type="TINYINT"/>
        </property>
        <property name="createdate" type="java.util.Date">
            <column name="createdate" length="19" />
        </property>
        <property name="updatedate" type="java.util.Date">
            <column name="updatedate" length="19" />
        </property>
        <property name="updatedby" type="java.lang.String">
            <column name="updatedby" length="60" not-null="true" />
        </property>
           <property name="contactno" type="java.lang.String">
            <column name="contactno" length="15" not-null="true"/>
        </property>
    </class>
</hibernate-mapping>
