<?xml version="1.0" encoding="utf-8"?>
<!DOCTYPE hibernate-mapping PUBLIC "-//Hibernate/Hibernate Mapping DTD 3.0//EN"
"http://hibernate.sourceforge.net/hibernate-mapping-3.0.dtd">
<!-- 
    Mapping file autogenerated by MyEclipse Persistence Tools
-->
<hibernate-mapping>
    <class name="com.ht.syndication.htsportal.domain.UserImpl" table="user">
        <id name="username" type="java.lang.String">
            <column name="USERNAME" length="30" />
            <generator class="assigned" />
        </id>
        <property name="password" type="java.lang.String">
            <column name="PASSWORD" length="30" not-null="true" />
        </property>
        <property name="firstName" type="java.lang.String">
            <column name="FIRST_NAME" length="50" not-null="true" unique="false"/>
        </property>
        <property name="lastName" type="java.lang.String">
            <column name="LAST_NAME" length="50" not-null="true" unique="false"/>
        </property>
        <property name="email" type="java.lang.String">
            <column name="EMAIL" length="150" />
        </property>
        <property name="status" type="java.lang.Short">
            <column name="STATUS" not-null="true" sql-type="TINYINT"/>
        </property>
        <property name="role" type="java.lang.Short">
            <column name="ROLE" not-null="true" sql-type="TINYINT"/>
        </property>
        <property name="createDate" type="java.util.Date">
            <column name="CREATEDATE" length="19" />
        </property>
        <property name="updateDate" type="java.util.Date">
            <column name="UPDATEDATE" length="19" />
        </property>
        <property name="updateBy" type="java.lang.String">
            <column name="UPDATEDBY" length="30" not-null="true" />
        </property>
        <set name = "publication" inverse="false" lazy = "true" fetch="select">
	        <key foreign-key = "PUBLICATION_OWNER_IDC">
	        	<column name = "owner" sql-type = "java.lang.String" />
	        </key>
	        <one-to-many class = "com.ht.syndication.htsportal.domain.PublicationImpl" />
        </set>
    </class>
</hibernate-mapping>
