<?xml version="1.0" encoding="UTF-8"?>
<!DOCTYPE beans PUBLIC "-//SPRING//DTD BEAN//EN" "http://www.springframework.org/dtd/spring-beans.dtd">

<beans>

    <!-- ========================= GENERAL DEFINITIONS ========================= -->

    <!-- Message source for this context, loaded from localized "messages_xx" files -->
    <bean id="messageSource" class="org.springframework.context.support.ResourceBundleMessageSource">
        <property name="basename"><value>messages</value></property>
    </bean>

    <!-- applicationContext merge-point -->
    <!-- Hibernate SessionFactory -->
    <bean id="sessionFactory" class="org.springframework.orm.hibernate3.LocalSessionFactoryBean">
    	<property name="dataSource"><ref bean="dataSource"/></property>
        <property name="mappingResources">
            <list>
                <value>com/ht/syndication/htsportal/domain/User.hbm.xml</value>
                <value>com/ht/syndication/htsportal/domain/Publication.hbm.xml</value>
                <value>com/ht/syndication/htsportal/domain/Source.hbm.xml</value>
                <value>com/ht/syndication/htsportal/domain/Category.hbm.xml</value>
                <value>com/ht/syndication/htsportal/domain/Imagecategory.hbm.xml</value>
                <value>com/ht/syndication/htsportal/domain/Content.hbm.xml</value>
                <value>com/ht/syndication/htsportal/domain/Usermessage.hbm.xml</value>
                <value>com/ht/syndication/htsportal/domain/Subscription.hbm.xml</value>
                <value>com/ht/syndication/htsportal/domain/Event.hbm.xml</value>
                <value>com/ht/syndication/htsportal/domain/Image.hbm.xml</value>
                <value>com/ht/syndication/htsportal/domain/Imagetags.hbm.xml</value>
                <value>com/ht/syndication/htsportal/domain/Client.hbm.xml</value>
                <value>com/ht/syndication/htsportal/domain/Revenue.hbm.xml</value>
            </list>
        </property>
        <property name="hibernateProperties">
            <props>
                <prop key="hibernate.show_sql">false</prop>
                <prop key="hibernate.dialect">org.hibernate.dialect.MySQLInnoDBDialect</prop>
                <prop key="hibernate.cache.use_query_cache">false</prop>
                <prop key="hibernate.cache.provider_class">org.hibernate.cache.EhCacheProvider</prop>
                <prop key="hibernate.cache.query_cache_factory">org.hibernate.cache.StandardQueryCacheFactory</prop>
                
                <!-- applicationContext hibernateProperties merge-point -->
            </props>
        </property>
    </bean>

    <!-- The Hibernate interceptor -->
    <bean id="hibernateInterceptor" class="org.springframework.orm.hibernate3.HibernateInterceptor">
        <property name="sessionFactory"><ref bean="sessionFactory"/></property>
    </bean>

    <!-- Event Entity Proxy with inner Event Entity implementation -->
    <bean id="eventDao" class="org.springframework.aop.framework.ProxyFactoryBean">
        <property name="target">
            <bean class="com.ht.syndication.htsportal.domain.EventDaoImpl">
                <property name="sessionFactory"><ref local="sessionFactory"/></property>
            </bean>
        </property>
        <property name="proxyInterfaces">
            <value>com.ht.syndication.htsportal.domain.EventDao</value>
        </property>
        <property name="interceptorNames">
            <list>
                <value>hibernateInterceptor</value>
            </list>
        </property>
    </bean>
    <!-- Imagetags Entity Proxy with inner Imagetags Entity implementation -->
    <bean id="imagetagsDao" class="org.springframework.aop.framework.ProxyFactoryBean">
        <property name="target">
            <bean class="com.ht.syndication.htsportal.domain.ImagetagsDaoImpl">
                <property name="sessionFactory"><ref local="sessionFactory"/></property>
            </bean>
        </property>
        <property name="proxyInterfaces">
            <value>com.ht.syndication.htsportal.domain.ImagetagsDao</value>
        </property>
        <property name="interceptorNames">
            <list>
                <value>hibernateInterceptor</value>
            </list>
        </property>
    </bean>
    <!-- Image Entity Proxy with inner Image Entity implementation -->
    <bean id="imageDao" class="org.springframework.aop.framework.ProxyFactoryBean">
        <property name="target">
            <bean class="com.ht.syndication.htsportal.domain.ImageDaoImpl">
                <property name="sessionFactory"><ref local="sessionFactory"/></property>
            </bean>
        </property>
        <property name="proxyInterfaces">
            <value>com.ht.syndication.htsportal.domain.ImageDao</value>
        </property>
        <property name="interceptorNames">
            <list>
                <value>hibernateInterceptor</value>
            </list>
        </property>
    </bean>
    <!-- User Entity Proxy with inner User Entity implementation -->
    <bean id="userDao" class="org.springframework.aop.framework.ProxyFactoryBean">
        <property name="target">
            <bean class="com.ht.syndication.htsportal.domain.UserDaoImpl">
                <property name="sessionFactory"><ref local="sessionFactory"/></property>
            </bean>
        </property>
        <property name="proxyInterfaces">
            <value>com.ht.syndication.htsportal.domain.UserDao</value>
        </property>
        <property name="interceptorNames">
            <list>
                <value>hibernateInterceptor</value>
            </list>
        </property>
    </bean>
    <!-- Publication Entity Proxy with inner Publication Entity implementation -->
    <bean id="publicationDao" class="org.springframework.aop.framework.ProxyFactoryBean">
        <property name="target">
            <bean class="com.ht.syndication.htsportal.domain.PublicationDaoImpl">
                <property name="sessionFactory"><ref local="sessionFactory"/></property>
            </bean>
        </property>
        <property name="proxyInterfaces">
            <value>com.ht.syndication.htsportal.domain.PublicationDao</value>
        </property>
        <property name="interceptorNames">
            <list>
                <value>hibernateInterceptor</value>
            </list>
        </property>
    </bean>
	<!-- Source Entity Proxy with inner Source Entity implementation -->
    <bean id="sourceDao" class="org.springframework.aop.framework.ProxyFactoryBean">
        <property name="target">
            <bean class="com.ht.syndication.htsportal.domain.SourceDaoImpl">
                <property name="sessionFactory"><ref local="sessionFactory"/></property>
            </bean>
        </property>
        <property name="proxyInterfaces">
            <value>com.ht.syndication.htsportal.domain.SourceDao</value>
        </property>
        <property name="interceptorNames">
            <list>
                <value>hibernateInterceptor</value>
            </list>
        </property>
    </bean>
	<!-- Category Entity Proxy with inner Category Entity implementation -->
    <bean id="categoryDao" class="org.springframework.aop.framework.ProxyFactoryBean">
        <property name="target">
            <bean class="com.ht.syndication.htsportal.domain.CategoryDaoImpl">
                <property name="sessionFactory"><ref local="sessionFactory"/></property>
            </bean>
        </property>
        <property name="proxyInterfaces">
            <value>com.ht.syndication.htsportal.domain.CategoryDao</value>
        </property>
        <property name="interceptorNames">
            <list>
                <value>hibernateInterceptor</value>
            </list>
        </property>
    </bean>
	<!-- Imagecategory Entity Proxy with inner Imagecategory Entity implementation -->
    <bean id="imagecategoryDao" class="org.springframework.aop.framework.ProxyFactoryBean">
        <property name="target">
            <bean class="com.ht.syndication.htsportal.domain.OldImagecategoryDaoImpl">
                <property name="sessionFactory"><ref local="sessionFactory"/></property>
            </bean>
        </property>
        <property name="proxyInterfaces">
            <value>com.ht.syndication.htsportal.domain.OldImagecategoryDao</value>
        </property>
        <property name="interceptorNames">
            <list>
                <value>hibernateInterceptor</value>
            </list>
        </property>
    </bean>
	<!-- Content Entity Proxy with inner Content Entity implementation -->
    <bean id="contentDao" class="org.springframework.aop.framework.ProxyFactoryBean">
        <property name="target">
            <bean class="com.ht.syndication.htsportal.domain.ContentDaoImpl">
                <property name="sessionFactory"><ref local="sessionFactory"/></property>
            </bean>
        </property>
        <property name="proxyInterfaces">
            <value>com.ht.syndication.htsportal.domain.ContentDao</value>
        </property>
        <property name="interceptorNames">
            <list>
                <value>hibernateInterceptor</value>
            </list>
        </property>
    </bean>
	<!-- Usermessage Entity Proxy with inner Content Entity implementation -->
    <bean id="usermessageDao" class="org.springframework.aop.framework.ProxyFactoryBean">
        <property name="target">
            <bean class="com.ht.syndication.htsportal.domain.UsermessageDaoImpl">
                <property name="sessionFactory"><ref local="sessionFactory"/></property>
            </bean>
        </property>
        <property name="proxyInterfaces">
            <value>com.ht.syndication.htsportal.domain.UsermessageDao</value>
        </property>
        <property name="interceptorNames">
            <list>
                <value>hibernateInterceptor</value>
            </list>
        </property>
    </bean>
	<!-- Subscription Entity Proxy with inner Content Entity implementation -->
    <bean id="subscriptionDao" class="org.springframework.aop.framework.ProxyFactoryBean">
        <property name="target">
            <bean class="com.ht.syndication.htsportal.domain.SubscriptionDaoImpl">
                <property name="sessionFactory"><ref local="sessionFactory"/></property>
            </bean>
        </property>
        <property name="proxyInterfaces">
            <value>com.ht.syndication.htsportal.domain.SubscriptionDao</value>
        </property>
        <property name="interceptorNames">
            <list>
                <value>hibernateInterceptor</value>
            </list>
        </property>
    </bean>
	<!-- Client Entity Proxy with inner Publication Entity implementation -->
    <bean id="clientDao" class="org.springframework.aop.framework.ProxyFactoryBean">
        <property name="target">
            <bean class="com.ht.syndication.htsportal.domain.ClientDaoImpl">
                <property name="sessionFactory"><ref local="sessionFactory"/></property>
            </bean>
        </property>
        <property name="proxyInterfaces">
            <value>com.ht.syndication.htsportal.domain.ClientDao</value>
        </property>
        <property name="interceptorNames">
            <list>
                <value>hibernateInterceptor</value>
            </list>
        </property>
    </bean>
	<!-- Revenue Entity Proxy with inner Publication Entity implementation -->
    <bean id="revenueDao" class="org.springframework.aop.framework.ProxyFactoryBean">
        <property name="target">
            <bean class="com.ht.syndication.htsportal.domain.RevenueDaoImpl">
                <property name="sessionFactory"><ref local="sessionFactory"/></property>
            </bean>
        </property>
        <property name="proxyInterfaces">
            <value>com.ht.syndication.htsportal.domain.RevenueDao</value>
        </property>
        <property name="interceptorNames">
            <list>
                <value>hibernateInterceptor</value>
            </list>
        </property>
    </bean>
	

    <!-- ========================= Start of SERVICE DEFINITIONS ========================= -->

    <!-- Service Transactional Interceptor -->
    <bean id="serviceTransactionInterceptor" class="org.springframework.transaction.interceptor.TransactionInterceptor">
        <property name="transactionManager"><ref bean="transactionManager"/></property>
        <property name="transactionAttributeSource">
            <value>
                com.ht.syndication.htsportal.service.UserService.authenticate=PROPAGATION_REQUIRED
                com.ht.syndication.htsportal.service.ContentService.saveBatchContent=PROPAGATION_REQUIRED
            </value>
        </property>
    </bean>

    <!-- EventService Service Proxy with inner EventService Service Implementation -->
    <bean id="eventService" class="org.springframework.aop.framework.ProxyFactoryBean">
        <property name="target">
            <bean class="com.ht.syndication.htsportal.service.EventServiceImpl">
                <property name="eventDao"><ref bean="eventDao"/></property>
            </bean>
        </property>
        <property name="proxyInterfaces">
            <value>com.ht.syndication.htsportal.service.EventService</value>
        </property>
        <property name="interceptorNames">
            <list>
                <value>serviceTransactionInterceptor</value>
                <value>hibernateInterceptor</value>
            </list>
        </property>
    </bean>
    <!-- ImagetagsService Service Proxy with inner ImagetagsService Service Implementation -->
    <bean id="imagetagsService" class="org.springframework.aop.framework.ProxyFactoryBean">
        <property name="target">
            <bean class="com.ht.syndication.htsportal.service.ImagetagsServiceImpl">
                <property name="imagetagsDao"><ref bean="imagetagsDao"/></property>
            </bean>
        </property>
        <property name="proxyInterfaces">
            <value>com.ht.syndication.htsportal.service.ImagetagsService</value>
        </property>
        <property name="interceptorNames">
            <list>
                <value>serviceTransactionInterceptor</value>
                <value>hibernateInterceptor</value>
            </list>
        </property>
    </bean>
    <!-- UserService Service Proxy with inner UserService Service Implementation -->
    <bean id="userService" class="org.springframework.aop.framework.ProxyFactoryBean">
        <property name="target">
            <bean class="com.ht.syndication.htsportal.service.UserServiceImpl">
                <property name="userDao"><ref bean="userDao"/></property>
                <property name="publicationDao"><ref bean="publicationDao"/></property>
            </bean>
        </property>
        <property name="proxyInterfaces">
            <value>com.ht.syndication.htsportal.service.UserService</value>
        </property>
        <property name="interceptorNames">
            <list>
                <value>serviceTransactionInterceptor</value>
                <value>hibernateInterceptor</value>
            </list>
        </property>
    </bean>
    <!-- PublicationService Service Proxy with inner PublicationService Service Implementation -->
    <bean id="publicationService" class="org.springframework.aop.framework.ProxyFactoryBean">
        <property name="target">
            <bean class="com.ht.syndication.htsportal.service.PublicationServiceImpl">
                <property name="publicationDao"><ref bean="publicationDao"/></property>
                <property name="userDao"><ref bean="userDao"/></property>
            </bean>
        </property>
        <property name="proxyInterfaces">
            <value>com.ht.syndication.htsportal.service.PublicationService</value>
        </property>
        <property name="interceptorNames">
            <list>
                <value>serviceTransactionInterceptor</value>
                <value>hibernateInterceptor</value>
            </list>
        </property>
    </bean>
    <!-- SourceService Service Proxy with inner SourceService Service Implementation -->
    <bean id="sourceService" class="org.springframework.aop.framework.ProxyFactoryBean">
        <property name="target">
            <bean class="com.ht.syndication.htsportal.service.SourceServiceImpl">
                <property name="sourceDao"><ref bean="sourceDao"/></property>
            </bean>
        </property>
        <property name="proxyInterfaces">
            <value>com.ht.syndication.htsportal.service.SourceService</value>
        </property>
        <property name="interceptorNames">
            <list>
                <value>serviceTransactionInterceptor</value>
                <value>hibernateInterceptor</value>
            </list>
        </property>
    </bean>
	<!-- CategoryService Service Proxy with inner CategoryService Service Implementation -->
    <bean id="categoryService" class="org.springframework.aop.framework.ProxyFactoryBean">
        <property name="target">
            <bean class="com.ht.syndication.htsportal.service.CategoryServiceImpl">
                <property name="categoryDao"><ref bean="categoryDao"/></property>
            </bean>
        </property>
        <property name="proxyInterfaces">
            <value>com.ht.syndication.htsportal.service.CategoryService</value>
        </property>
        <property name="interceptorNames">
            <list>
                <value>serviceTransactionInterceptor</value>
                <value>hibernateInterceptor</value>
            </list>
        </property>
    </bean>
	<!-- UsermessageService Service Proxy with inner UsermessageService Service Implementation -->
    <bean id="usermessageService" class="org.springframework.aop.framework.ProxyFactoryBean">
        <property name="target">
            <bean class="com.ht.syndication.htsportal.service.UsermessageServiceImpl">
                <property name="usermessageDao"><ref bean="usermessageDao"/></property>
                <property name="subscriptionDao"><ref bean="subscriptionDao"/></property>
            </bean>
        </property>
        <property name="proxyInterfaces">
            <value>com.ht.syndication.htsportal.service.UsermessageService</value>
        </property>
        <property name="interceptorNames">
            <list>
                <value>serviceTransactionInterceptor</value>
                <value>hibernateInterceptor</value>
            </list>
        </property>
    </bean>
	<!-- ContentService Service Proxy with inner ContentService Service Implementation -->
    <bean id="contentService" class="org.springframework.aop.framework.ProxyFactoryBean">
        <property name="target">
            <bean class="com.ht.syndication.htsportal.service.ContentServiceImpl">
                <property name="contentDao"><ref bean="contentDao"/></property>
                <property name="publicationDao"><ref bean="publicationDao"/></property>
                <property name="sourceDao"><ref bean="sourceDao"/></property>
                <property name="categoryDao"><ref bean="categoryDao"/></property>
            </bean>
        </property>
        <property name="proxyInterfaces">
            <value>com.ht.syndication.htsportal.service.ContentService</value>
        </property>
        <property name="interceptorNames">
            <list>
                <value>serviceTransactionInterceptor</value>
                <value>hibernateInterceptor</value>
            </list>
        </property>
    </bean>
    <!-- ClientService Service Proxy with inner ClientService Service Implementation -->
    <bean id="clientService" class="org.springframework.aop.framework.ProxyFactoryBean">
        <property name="target">
            <bean class="com.ht.syndication.htsportal.service.ClientServiceImpl">
                <property name="clientDao"><ref bean="clientDao"/></property>
                <property name="publicationDao"><ref bean="publicationDao"/></property>
            </bean>
        </property>
        <property name="proxyInterfaces">
            <value>com.ht.syndication.htsportal.service.ClientService</value>
        </property>
        <property name="interceptorNames">
            <list>
                <value>serviceTransactionInterceptor</value>
                <value>hibernateInterceptor</value>
            </list>
        </property>
    </bean>
    <!-- RevenueService Service Proxy with inner ClientService Service Implementation -->
    <bean id="revenueService" class="org.springframework.aop.framework.ProxyFactoryBean">
        <property name="target">
            <bean class="com.ht.syndication.htsportal.service.RevenueServiceImpl">
                <property name="revenueDao"><ref bean="revenueDao"/></property>
                <property name="publicationDao"><ref bean="publicationDao"/></property>
                <property name="clientDao"><ref bean="clientDao"/></property>
            </bean>
        </property>
        <property name="proxyInterfaces">
            <value>com.ht.syndication.htsportal.service.RevenueService</value>
        </property>
        <property name="interceptorNames">
            <list>
                <value>serviceTransactionInterceptor</value>
                <value>hibernateInterceptor</value>
            </list>
        </property>
    </bean>
    <!-- XML_Utility Service Proxy with inner XML_Utility Service Implementation -->
    <bean id="xmlUtility" class="org.springframework.aop.framework.ProxyFactoryBean">
        <property name="target">
            <bean class="com.ht.syndication.htsportal.util.XML_Utility">
            </bean>
        </property>
    </bean>
    <!-- Old Image Service Proxy with inner Image Service Implementation -->
    <bean id="oldImageService" class="org.springframework.aop.framework.ProxyFactoryBean">
        <property name="target">
            <bean class="com.ht.syndication.htsportal.service.OldImageServiceImpl">
            	<property name="imagecategoryDao"><ref bean="imagecategoryDao"/></property>
            </bean>
        </property>
        <property name="proxyInterfaces">
            <value>com.ht.syndication.htsportal.service.OldImageService</value>
        </property>
        <property name="interceptorNames">
            <list>
                <value>serviceTransactionInterceptor</value>
                <value>hibernateInterceptor</value>
            </list>
        </property>
    </bean>
    <!-- Image Service Proxy with inner Image Service Implementation -->
    <bean id="imageService" class="org.springframework.aop.framework.ProxyFactoryBean">
        <property name="target">
            <bean class="com.ht.syndication.htsportal.service.ImageServiceImpl">
            	<property name="eventDao"><ref bean="eventDao"/></property>
            	<property name="imagetagsDao"><ref bean="imagetagsDao"/></property>
            	<property name="imageDao"><ref bean="imageDao"/></property>
            </bean>
        </property>
        <property name="proxyInterfaces">
            <value>com.ht.syndication.htsportal.service.ImageService</value>
        </property>
        <property name="interceptorNames">
            <list>
                <value>serviceTransactionInterceptor</value>
                <value>hibernateInterceptor</value>
            </list>
        </property>
    </bean>
    <!-- ========================= End of SERVICE DEFINITIONS ========================= -->
</beans>
