<?xml version="1.0" encoding="UTF-8"?>

<Profile>
    <url>http://localhost:8080/htsportal/</url>
	<linkurl>http://localhost:8080/htsportal/</linkurl>
    <quartz>
    	<content>
    		<interval>1</interval>
    	</content>
    	<image>
    		<interval>1</interval>
    	</image>
    </quartz>
    <adminEmailAddress>vimal.trivedi@hindustantimes.com</adminEmailAddress>
    <defaultSubject>Query for HT Syndication </defaultSubject>
	<maxprocess>1000</maxprocess>
    <subscriptionmailadmin>vimal.trivedi@hindustantimes.com</subscriptionmailadmin>
    <article>
    	<path>
    		<temp>D:/Application_Dir/HTSPORTAL/Article/temp</temp>
    		<error>errortemp</error>
    	</path>
    </article>

    <image>
    	<path>
    		<original>D:/Application_Dir/HTSPORTAL/Image/Original</original>
    		<processed>D:/Application_Dir/HTSPORTAL/Image/processed</processed>
    		<watermark>
    			<brightness>0.5</brightness>
    			<tiles>/images/watermark-tiles.png</tiles>
    		</watermark>
    		<temp>D:/Application_Dir/HTSPORTAL/Image/temp</temp>
    		<error>D:/Application_Dir/HTSPORTAL/Image/errortemp</error>
    	</path>
    	<count>
    		<perpage>15</perpage>
    	</count>
    </image>
    <mail>
        <smtp>
			<admin>admin@hindustantimes.com</admin>
            <host>mail01.htsyndication.com</host>
            <port>25</port>
            <auth>true</auth>
            <user>donotreply</user>
            <pass>4ruX4SUr5OL</pass>
        </smtp>
    </mail>
    <sections>
        <homesection1>
            <size>100</size>
        </homesection1>
    </sections>
    <astro>
    	<ganesha>http://content.ganeshaspeaks.com/HTMEDIAALL/HTMEDIAALL.utf8feed</ganesha>
    </astro>
</Profile>
