<?xml version="1.0" encoding="UTF-8"?>

<Profile>
	<article>
	    <url>http://localhost:8080/solr/article</url>
	    <search>/select</search>
	    <indent>off</indent>
	    <version>2.2</version>
	    <rows>10</rows>
	    <resultPerRequest>2</resultPerRequest>
	    <facet>true</facet>
	    <facetField>byline</facetField>
	    <facetField>publication</facetField>
	    <facetField>category</facetField>
	    <facetField>source</facetField>
	    <displayContent>2YEAR</displayContent>
	    <sort>
	    	<field>contentdate</field>
	    	<order>desc</order>
	    </sort>
	</article>
	<image>
	    <url>http://localhost:8080/solr/image</url>
	    <search>/select</search>
	    <indent>off</indent>
	    <version>2.2</version>
	    <rows>36</rows>
	    <resultPerRequest>2</resultPerRequest>
	    <facet>true</facet>
	    <facetField>author</facetField>
	    <facetField>event</facetField>
	    <facetField>tags</facetField>
	    <displayContent>2YEAR</displayContent>
	    <sort>
	    	<field>updatedate</field>
	    	<order>desc</order>
	    </sort>
	</image>
</Profile>