<?xml version="1.0" encoding="UTF-8" ?>
<!DOCTYPE struts PUBLIC "-//Apache Software Foundation//DTD Struts Configuration 2.1//EN" "http://struts.apache.org/dtds/struts-2.1.dtd">
<struts>
	<package name="client" namespace="/client" extends="struts-default">
		<interceptors>
			<interceptor name="authenticateAdmin"
				class="com.ht.syndication.htsportal.interceptor.AdminAuthenticationInterceptor" />
			<interceptor-stack name="defaultLoginStack">
				<interceptor-ref name="authenticateAdmin" />
				<interceptor-ref name="defaultStack" />
			</interceptor-stack>
		</interceptors>
		<default-interceptor-ref name="defaultLoginStack" />
		<default-action-ref name="admin" />
		<global-results>
			<result name="NEED_LOGIN" type="redirectAction">
				<param name="namespace">/access</param>
				<param name="actionName">login</param>
			</result>
			<result name="UNAUTHORIZED_LOGIN" type="redirectAction">
				<param name="namespace">/</param>
				<param name="actionName">home</param>
			</result>
		</global-results>
		<action name="admin" class="com.ht.syndication.htsportal.action.ShowAdminPage">
			<result name="success" type="redirectAction">
				<param name="namespace">/</param>
				<param name="actionName">home</param>
			</result>
		</action>
	</package>
</struts>