<?xml version="1.0" encoding="UTF-8" ?>
<!DOCTYPE struts PUBLIC "-//Apache Software Foundation//DTD Struts Configuration 2.1//EN" "http://struts.apache.org/dtds/struts-2.1.dtd">
<struts>
	<include file="struts-default.xml"/>
	<constant name="struts.enable.SlashesInActionNames" value="true"/> 
	<constant name="struts.mapper.alwaysSelectFullNamespace" value="false"/>
	<constant name="struts.patternMatcher" value="regex" />
	<constant name="struts.multipart.saveDir" value="D:\Application_Dir\HTSPORTAL\Image\temp" />
	<constant name="struts.multipart.maxSize" value="1024000000000" />
	<include file="struts-guest.xml" />


	<package name="images" namespace="/photos" extends="struts-default">
		<default-action-ref name="imagehome" />
		<action name="imagehome" method="images" class="com.ht.syndication.htsportal.action.ShowImagesPage">
			<result name="success" type="freemarker">/WEB-INF/free_marker/main/showImage.ftl</result>
		</action>
	</package>

	<package name="cartoon" namespace="/cartoon" extends="struts-default">
		<default-action-ref name="/cartoonhome" />
		<action name="/cartoonhome" method="cartoon" class="com.ht.syndication.htsportal.action.ShowCartoonPage">
			<result name="success" type="freemarker">/WEB-INF/free_marker/main/showCartoon.ftl</result>
		</action>
	</package>
	
	<package name="access" namespace="/access" extends="struts-default">
		<interceptors>
			<interceptor name="authenticatelogin" class="com.ht.syndication.htsportal.interceptor.AuthenticationInterceptor" />
	        <interceptor-stack name="defaultLoginStack">
	            <interceptor-ref name="authenticatelogin" />
	            <interceptor-ref name="defaultStack"/>
	        </interceptor-stack>
        </interceptors>
        <default-interceptor-ref name="defaultLoginStack" />
        <default-action-ref name="login" />
        <global-results>
			<result name="NEED_LOGIN" type="redirectAction">
				<param name="namespace">/access</param>
				<param name="actionName">login</param>
			</result>
		</global-results>
		<action name="login" class="com.ht.syndication.htsportal.action.ShowLoginPage">
			<result name="success" type="freemarker">/WEB-INF/free_marker/main/login.ftl</result>
			<result name="ADMIN" type="redirectAction">
				<param name="namespace">/secure</param>
				<param name="actionName">admin</param>
			</result>
			<result name="GRAPHIC" type="redirectAction">
				<param name="namespace">/graphic</param>
				<param name="actionName">admin</param>
			</result>
			<result name="CONTENT" type="redirectAction">
				<param name="namespace">/content</param>
				<param name="actionName">admin</param>
			</result>
			<result name="VENDOR" type="redirectAction">
				<param name="namespace">/vendor</param>
				<param name="actionName">admin</param>
			</result>
			<result name="REVENUE" type="redirectAction">
				<param name="namespace">/revenue</param>
				<param name="actionName">admin</param>
			</result>
			<result name="CLIENT" type="redirectAction">
				<param name="namespace">/secure</param>
				<param name="actionName">admin</param>
			</result>
			<result name="VISITOR" type="redirectAction">
				<param name="namespace">/secure</param>
				<param name="actionName">admin</param>
			</result>
		</action>
		<action name="logout" method="logout" class="com.ht.syndication.htsportal.action.ShowLoginPage">

			<result name="success" type="redirectAction">
				<param name="namespace">/access</param>
				<param name="actionName">login</param>
			</result>
			<result name="VENDORSUCCESS" type="redirectAction">
				<param name="namespace">/vendor</param>
				<param name="actionName">login</param>
			</result>
		</action>
		<action name="authenticateuser"
			class="com.ht.syndication.htsportal.action.AuthenticateUser">
			<result name="success" type="redirectAction">
				<param name="namespace">/access</param>
				<param name="actionName">login</param>
			</result>
			<result name="error" type="freemarker">
				/WEB-INF/free_marker/main/login.ftl
			</result>
		</action>
	</package>
	<include file="struts-admin.xml" />
	<include file="struts-content.xml" />
	<include file="struts-graphic.xml" />
	<include file="struts-revenue.xml" />
	<include file="struts-vendor.xml" />
	<include file="struts-client.xml" />
	<include file="struts-visitor.xml" />
</struts>