<?xml version="1.0" encoding="UTF-8" ?>
<!DOCTYPE struts PUBLIC "-//Apache Software Foundation//DTD Struts Configuration 2.1//EN" "http://struts.apache.org/dtds/struts-2.1.dtd">
<struts>
	<package name="secure" namespace="/secure" extends="struts-default">
		<interceptors>
			<interceptor name="authenticateAdmin"
				class="com.ht.syndication.htsportal.interceptor.AdminAuthenticationInterceptor" />
			<interceptor-stack name="defaultLoginStack">
				<interceptor-ref name="authenticateAdmin" />
				<interceptor-ref name="defaultStack" />
			</interceptor-stack>
			<interceptor-stack name="defaultUploadStack">
				<interceptor-ref name="authenticateAdmin" />
				<interceptor-ref name="defaultStack" />
				<interceptor-ref name="exception" />
				<interceptor-ref name="i18n" />
				<interceptor-ref name="fileUpload">
					<param name="allowedTypes">.csv,
						application/vnd.openxmlformats-officedocument.spreadsheetml.sheet,
						application/vnd.ms-excel</param>
					<param name="maximumSize">1024000</param>
				</interceptor-ref>
				<interceptor-ref name="params">
					<param name="excludeParams">dojo\..*,^struts\..*</param>
				</interceptor-ref>
				<interceptor-ref name="validation">
					<param name="excludeMethods">input,back,cancel,browse</param>
				</interceptor-ref>
				<interceptor-ref name="workflow">
					<param name="excludeMethods">input,back,cancel,browse</param>
				</interceptor-ref>
			</interceptor-stack>
			<interceptor-stack name="fileUploadStack">
				<interceptor-ref name="exception" />
				<interceptor-ref name="alias" />
				<interceptor-ref name="servletConfig" />
				<interceptor-ref name="prepare" />
				<interceptor-ref name="i18n" />
				<interceptor-ref name="chain" />
				<interceptor-ref name="debugging" />
				<interceptor-ref name="profiling" />
				<interceptor-ref name="scopedModelDriven" />
				<interceptor-ref name="modelDriven" />
				<interceptor-ref name="fileUpload">
					<param name="maximumSize">102400000</param>
					<param name="allowedTypes">image/*, application/octet-stream,
						application/photoshop, application/illustrator,
						application/x-gzip, application/zip, multipart/x-gzip,
						multipart/x-zip</param>
				</interceptor-ref>
				<interceptor-ref name="checkbox" />
				<interceptor-ref name="staticParams" />
				<interceptor-ref name="actionMappingParams" />
				<interceptor-ref name="params">
					<param name="excludeParams"> secure\..*,^struts\..*</param>
				</interceptor-ref>
				<interceptor-ref name="conversionError" />
				<interceptor-ref name="validation">
					<param name="excludeMethods"> input,back,cancel,browse</param>
				</interceptor-ref>
				<interceptor-ref name="workflow">
					<param name="excludeMethods"> input,back,cancel,browse</param>
				</interceptor-ref>
			</interceptor-stack>
		</interceptors>
		<default-interceptor-ref name="defaultLoginStack" />
		<default-action-ref name="admin" />
		<global-results>
			<result name="NEED_LOGIN" type="redirectAction">
				<param name="namespace">/access</param>
				<param name="actionName">login</param>
			</result>
			<result name="UNAUTHORIZED_LOGIN" type="redirectAction">
				<param name="namespace">/</param>
				<param name="actionName">home</param>
			</result>
		</global-results>
		<action name="admin"
			class="com.ht.syndication.htsportal.action.ShowAdminPage">
			<result name="success" type="freemarker">
				/WEB-INF/free_marker/main/admin/admin.ftl
			</result>
		</action>
		<action name="indexcreateall" method="createall"
			class="com.ht.syndication.htsportal.action.IndexAction">
			<result name="success" type="freemarker">
				/WEB-INF/free_marker/main/admin/admin.ftl
			</result>
		</action>

		<action name="resetmenusxml" method="resetMenusXML"
			class="com.ht.syndication.htsportal.action.IndexAction">
			<result name="success" type="freemarker">
				/WEB-INF/free_marker/main/admin/admin.ftl
			</result>
		</action>
		<action name="indexdeleteall" method="deleteall"
			class="com.ht.syndication.htsportal.action.IndexAction">
			<result name="success" type="freemarker">
				/WEB-INF/free_marker/main/admin/admin.ftl
			</result>
		</action>
	</package>
</struts>