<?xml version="1.0" encoding="UTF-8" ?>
<!DOCTYPE struts PUBLIC "-//Apache Software Foundation//DTD Struts Configuration 2.1//EN" "http://struts.apache.org/dtds/struts-2.1.dtd">
<struts>
	<package name="vendor" namespace="/vendor" extends="struts-default">
		<interceptors>
			<interceptor name="authenticateVendor" class="com.ht.syndication.htsportal.interceptor.VendorAuthenticationInterceptor" />
			<interceptor-stack name="defaultLoginStack">
	            <interceptor-ref name="authenticateVendor" />
	            <interceptor-ref name="defaultStack"/>
	        </interceptor-stack>
		</interceptors>
		<default-interceptor-ref name="defaultLoginStack" />
		<default-action-ref name="admin" />
		<global-results>
			<result name="NEED_LOGIN" type="redirectAction">
				<param name="namespace">/vendor</param>
				<param name="actionName">login</param>
			</result>
			<result name="UNAUTHORIZED_LOGIN" type="redirectAction">
				<param name="namespace">/</param>
				<param name="actionName">home</param>
			</result>
		</global-results>
		<action name="admin" class="com.ht.syndication.htsportal.action.ShowAdminPage">
			<result name="success" type="redirectAction">
				<param name="namespace">/vendor</param>
				<param name="actionName">revenuereportshow</param>
			</result>
		</action>
		<action name="revenuemonthreportexport" method="revenuemonthexport" class="com.ht.syndication.htsportal.action.ReportAction">
			<result name="success" type="stream">
				<param name="contentType">application/octet-stream</param>
				<param name="inputName">downloadstream</param>
				<param name="contentDisposition">attachment;filename="Revenue Month Report ${date}.xls"</param>
				<param name="bufferSize">1024</param>
			</result>
		</action>
		<action name="revenueyearreportexport" method="revenueyearexport" class="com.ht.syndication.htsportal.action.ReportAction">
			<result name="success" type="stream">
				<param name="contentType">application/octet-stream</param>
				<param name="inputName">downloadstream</param>
				<param name="contentDisposition">attachment;filename="Revenue Year Report ${date}.xls"</param>
				<param name="bufferSize">1024</param>
			</result>
		</action>
		<action name="revenuereportexport" method="revenueexport" class="com.ht.syndication.htsportal.action.ReportAction">
			<result name="success" type="stream">
				<param name="contentType">application/octet-stream</param>
				<param name="inputName">downloadstream</param>
				<param name="contentDisposition">attachment;filename="Revenue Report ${date}.xls"</param>
				<param name="bufferSize">1024</param>
			</result>
		</action>
		<action name="revenuereportshow" method="revenueshow" class="com.ht.syndication.htsportal.action.ReportAction">
			<result name="success" type="freemarker">
				/WEB-INF/free_marker/main/admin/revenuereportshow.ftl
			</result>
		</action>
		<action name="login" class="com.ht.syndication.htsportal.action.ShowLoginPage">
			<result name="success" type="freemarker">/WEB-INF/free_marker/main/vendorlogin.ftl</result>
			<result name="ADMIN" type="redirectAction">
				<param name="namespace">/secure</param>
				<param name="actionName">admin</param>
			</result>
			<result name="GRAPHIC" type="redirectAction">
				<param name="namespace">/graphic</param>
				<param name="actionName">admin</param>
			</result>
			<result name="CONTENT" type="redirectAction">
				<param name="namespace">/content</param>
				<param name="actionName">admin</param>
			</result>
			<result name="VENDOR" type="redirectAction">
				<param name="namespace">/vendor</param>
				<param name="actionName">admin</param>
			</result>
			<result name="REVENUE" type="redirectAction">
				<param name="namespace">/revenue</param>
				<param name="actionName">admin</param>
			</result>
			<result name="CLIENT" type="redirectAction">
				<param name="namespace">/secure</param>
				<param name="actionName">admin</param>
			</result>
			<result name="VISITOR" type="redirectAction">
				<param name="namespace">/secure</param>
				<param name="actionName">admin</param>
			</result>
		</action>
		<action name="authenticateuser"
			class="com.ht.syndication.htsportal.action.AuthenticateUser">
			<result name="success" type="redirectAction">
				<param name="namespace">/vendor</param>
				<param name="actionName">login</param>
			</result>
			<result name="error" type="freemarker">
				/WEB-INF/free_marker/main/vendorlogin.ftl
			</result>
		</action>
	</package>
</struts>