<?xml version="1.0" encoding="UTF-8" ?>
<!DOCTYPE struts PUBLIC "-//Apache Software Foundation//DTD Struts Configuration 2.1//EN" "http://struts.apache.org/dtds/struts-2.1.dtd">
<struts>
	<package name="graphic" namespace="/graphic" extends="struts-default">
		<interceptors>
			<interceptor name="authenticateGraphic"
				class="com.ht.syndication.htsportal.interceptor.GraphicAuthenticationInterceptor" />
			<interceptor-stack name="defaultLoginStack">
				<interceptor-ref name="authenticateGraphic" />
				<interceptor-ref name="defaultStack" />
			</interceptor-stack>
			<interceptor-stack name="fileUploadStack">
				<interceptor-ref name="exception" />
				<interceptor-ref name="alias" />
				<interceptor-ref name="servletConfig" />
				<interceptor-ref name="prepare" />
				<interceptor-ref name="i18n" />
				<interceptor-ref name="chain" />
				<interceptor-ref name="debugging" />
				<interceptor-ref name="profiling" />
				<interceptor-ref name="scopedModelDriven" />
				<interceptor-ref name="modelDriven" />
				<interceptor-ref name="fileUpload">
					<param name="maximumSize">102400000</param>
					<param name="allowedTypes">image/*, application/octet-stream,
						application/photoshop, application/illustrator,
						application/x-gzip, application/zip, multipart/x-gzip,
						multipart/x-zip</param>
				</interceptor-ref>
				<interceptor-ref name="checkbox" />
				<interceptor-ref name="staticParams" />
				<interceptor-ref name="actionMappingParams" />
				<interceptor-ref name="params">
					<param name="excludeParams"> secure\..*,^struts\..*</param>
				</interceptor-ref>
				<interceptor-ref name="conversionError" />
				<interceptor-ref name="validation">
					<param name="excludeMethods"> input,back,cancel,browse</param>
				</interceptor-ref>
				<interceptor-ref name="workflow">
					<param name="excludeMethods"> input,back,cancel,browse</param>
				</interceptor-ref>
			</interceptor-stack>
		</interceptors>
		<default-interceptor-ref name="defaultLoginStack" />
		<default-action-ref name="admin" />
		<global-results>
			<result name="NEED_LOGIN" type="redirectAction">
				<param name="namespace">/access</param>
				<param name="actionName">login</param>
			</result>
			<result name="UNAUTHORIZED_LOGIN" type="redirectAction">
				<param name="namespace">/</param>
				<param name="actionName">home</param>
			</result>
		</global-results>
		<action name="admin"
			class="com.ht.syndication.htsportal.action.ShowAdminPage">
			<result name="success" type="freemarker">
				/WEB-INF/free_marker/main/admin/admin.ftl
			</result>
		</action>
		<!-- Start User Action -->
		<action name="usershow" method="show"
			class="com.ht.syndication.htsportal.action.UserAction">
			<result name="success" type="freemarker">
				/WEB-INF/free_marker/main/admin/usershow.ftl
			</result>
		</action>
		<action name="usercreate" method="create"
			class="com.ht.syndication.htsportal.action.UserAction">
			<result name="success" type="freemarker">
				/WEB-INF/free_marker/main/admin/usercreate.ftl
			</result>
		</action>
		<action name="userupdate" method="update"
			class="com.ht.syndication.htsportal.action.UserAction">
			<result name="success" type="freemarker">
				/WEB-INF/free_marker/main/admin/userupdate.ftl
			</result>
		</action>
		<action name="userdelete" method="delete"
			class="com.ht.syndication.htsportal.action.UserAction">
			<result name="success" type="redirectAction">
				<param name="namespace">/graphic</param>
				<param name="actionName">usershow</param>
			</result>
		</action>
		<!-- End User Action -->

		<!-- action name="imagecategoryshow" method="show"
			class="com.ht.syndication.htsportal.action.ImagecategoryAction">
			<result name="success" type="freemarker">
				/WEB-INF/free_marker/main/admin/imagecategoryshow.ftl
			</result>
		</action>
		<action name="imagecategorycreate" method="create"
			class="com.ht.syndication.htsportal.action.ImagecategoryAction">
			<result name="success" type="freemarker">
				/WEB-INF/free_marker/main/admin/imagecategorycreate.ftl
			</result>
		</action>
		<action name="imagecategoryupdate" method="update"
			class="com.ht.syndication.htsportal.action.ImagecategoryAction">
			<result name="success" type="freemarker">
				/WEB-INF/free_marker/main/admin/imagecategoryupdate.ftl
			</result>
		</action>
		<action name="imagecategorydelete" method="delete"
			class="com.ht.syndication.htsportal.action.ImagecategoryAction">
			<result name="success" type="freemarker">
				/WEB-INF/free_marker/main/admin/imagecategoryshow.ftl
			</result>
		</action-->
		<action name="imageuploadincategory" method="uploadimage"
			class="com.ht.syndication.htsportal.action.OldImageAction">
			<interceptor-ref name="fileUploadStack" />
			<result name="success" type="freemarker">/WEB-INF/free_marker/main/admin/imageuploadincategory.ftl
			</result>
			<result name="input" type="freemarker">/WEB-INF/free_marker/main/admin/imageuploadincategoryerror.ftl
			</result>
		</action>

		<action name="eventsave" method="save"
			class="com.ht.syndication.htsportal.action.EventAction">
			<result name="success" type="freemarker">/WEB-INF/free_marker/main/admin/eventcreate.ftl
			</result>
		</action>

		<action name="eventshowall" method="showAll"
			class="com.ht.syndication.htsportal.action.EventAction">
			<result name="success" type="freemarker">/WEB-INF/free_marker/main/admin/eventshow.ftl
			</result>
		</action>

		<action name="eventdelete" method="deleteAll"
			class="com.ht.syndication.htsportal.action.EventAction">
			<result name="success" type="redirectAction">
				<param name="namespace">/secure</param>
				<param name="actionName">eventshowall</param>
			</result>
		</action>

		<action name="imagetagssave" method="save"
			class="com.ht.syndication.htsportal.action.ImagetagsAction">
			<result name="success" type="freemarker">/WEB-INF/free_marker/main/admin/imagetagscreate.ftl
			</result>
		</action>

		<action name="imagetagsshowall" method="showAll"
			class="com.ht.syndication.htsportal.action.ImagetagsAction">
			<result name="success" type="freemarker">/WEB-INF/free_marker/main/admin/imagetagsshow.ftl
			</result>
		</action>

		<action name="imagetagsdelete" method="deleteAll"
			class="com.ht.syndication.htsportal.action.ImagetagsAction">
			<result name="success" type="redirectAction">
				<param name="namespace">/secure</param>
				<param name="actionName">imagetagsshowall</param>
			</result>
		</action>

		<action name="imageupload" method="upload"
			class="com.ht.syndication.htsportal.action.ImageAction">
			<interceptor-ref name="fileUploadStack" />
			<result name="success" type="freemarker">/WEB-INF/free_marker/main/admin/imageupload.ftl</result>
			<result name="input" type="redirectAction">
				<param name="namespace">/secure</param>
				<param name="actionName">eventshowall</param>
			</result>
		</action>

		<action name="inactiveimages" method="inactiveImages"
			class="com.ht.syndication.htsportal.action.ImageAction">
			<result name="success" type="freemarker">/WEB-INF/free_marker/main/admin/inactiveimages.ftl
			</result>
		</action>

		<action name="imageupdate" method="imageUpdate"
			class="com.ht.syndication.htsportal.action.ImageAction">
			<result name="success" type="freemarker">/WEB-INF/free_marker/main/admin/imageupdate.ftl
			</result>
			<result name="IMAGENOTFOUND" type="freemarker">/WEB-INF/free_marker/main/imagenotfound.ftl
			</result>
		</action>

		<action name="imagedelete" method="deleteAll"
			class="com.ht.syndication.htsportal.action.ImageAction">
			<result name="success" type="redirectAction">
				<param name="namespace">/secure</param>
				<param name="actionName">imageshowall</param>
			</result>
		</action>
	</package>
</struts>