<?xml version="1.0" encoding="UTF-8" ?>
<!DOCTYPE struts PUBLIC "-//Apache Software Foundation//DTD Struts Configuration 2.1//EN" "http://struts.apache.org/dtds/struts-2.1.dtd">
<struts>
	<package name="revenue" namespace="/revenue" extends="struts-default">
		<interceptors>
			<interceptor name="authenticateRevenue" class="com.ht.syndication.htsportal.interceptor.RevenueAuthenticationInterceptor" />
			<interceptor-stack name="defaultLoginStack">
	            <interceptor-ref name="authenticateRevenue" />
	            <interceptor-ref name="defaultStack"/>
	        </interceptor-stack>
	        <interceptor-stack name="defaultUploadStack">
	            <interceptor-ref name="authenticateRevenue" />
	            <interceptor-ref name="defaultStack"/>
	            <interceptor-ref name="exception"/>
	            <interceptor-ref name="i18n"/>
	            <interceptor-ref name="fileUpload">
		       		<param name="allowedTypes">.csv, application/vnd.openxmlformats-officedocument.spreadsheetml.sheet, application/vnd.ms-excel</param>
		       		<param name="maximumSize">1024000</param>
	  	    	</interceptor-ref> 
	            <interceptor-ref name="params">
	                <param name="excludeParams">dojo\..*,^struts\..*</param>
	            </interceptor-ref>
	            <interceptor-ref name="validation">
	                <param name="excludeMethods">input,back,cancel,browse</param>
	            </interceptor-ref>
	            <interceptor-ref name="workflow">
	                <param name="excludeMethods">input,back,cancel,browse</param>
	            </interceptor-ref>
	        </interceptor-stack>
		</interceptors>
		<default-interceptor-ref name="defaultLoginStack" />
		<default-action-ref name="admin" />
		<global-results>
			<result name="NEED_LOGIN" type="redirectAction">
				<param name="namespace">/access</param>
				<param name="actionName">login</param>
			</result>
			<result name="UNAUTHORIZED_LOGIN" type="redirectAction">
				<param name="namespace">/</param>
				<param name="actionName">home</param>
			</result>
		</global-results>
		<action name="admin" class="com.ht.syndication.htsportal.action.ShowAdminPage">
			<result name="success" type="freemarker">
				/WEB-INF/free_marker/main/admin/admin.ftl
			</result>
		</action>
		<!-- Start User Action -->
		<action name="usershow" method="show"
			class="com.ht.syndication.htsportal.action.UserAction">
			<result name="success" type="freemarker">
				/WEB-INF/free_marker/main/admin/usershow.ftl
			</result>
		</action>
		<action name="usercreate" method="create"
			class="com.ht.syndication.htsportal.action.UserAction">
			<result name="success" type="freemarker">
				/WEB-INF/free_marker/main/admin/usercreate.ftl
			</result>
		</action>
		<action name="userupdate" method="update"
			class="com.ht.syndication.htsportal.action.UserAction">
			<result name="success" type="freemarker">
				/WEB-INF/free_marker/main/admin/userupdate.ftl
			</result>
		</action>
		<action name="userdelete" method="delete"
			class="com.ht.syndication.htsportal.action.UserAction">
			<result name="success" type="redirectAction">
				<param name="namespace">/revenue</param>
				<param name="actionName">usershow</param>
			</result>
		</action>
		<!-- End User Action -->

		<!-- Start Revenue Action -->
		<action name="monthlyrevenuetemplate" method="monthlyTemplateDownload"
			class="com.ht.syndication.htsportal.action.RevenueAction">
			<result name="success" type="stream">
				<param name="contentType">application/octet-stream</param>
				<param name="inputName">downloadstream</param>
				<param name="contentDisposition">attachment;filename="Monthly TEMPLATE.xls"</param>
				<param name="bufferSize">1024</param>
			</result>
		</action>
		<action name="yearlyrevenuetemplate" method="revenueyearexport" class="com.ht.syndication.htsportal.action.ReportAction">
			<result name="success" type="stream">
				<param name="contentType">application/octet-stream</param>
				<param name="inputName">downloadstream</param>
				<param name="contentDisposition">attachment;filename="Yearly TEMPLATE ${date}.xls"</param>
				<param name="bufferSize">1024</param>
			</result>
		</action>
		<action name="monthlyrevenueupload" method="monthlyTemplateUpload"
			class="com.ht.syndication.htsportal.action.RevenueAction">
			<interceptor-ref name="defaultUploadStack" />
			<result name="success" type="freemarker">
				/WEB-INF/free_marker/main/admin/monthlyrevenueupload.ftl
			</result>
		</action>
		<action name="yearlyrevenueupload" method="yearlyTemplateUpload"
			class="com.ht.syndication.htsportal.action.RevenueAction">
			<interceptor-ref name="defaultUploadStack" />
			<result name="success" type="freemarker">
				/WEB-INF/free_marker/main/admin/yearlyrevenueupload.ftl
			</result>
		</action>
		<action name="revenuemonthreportexport" method="revenuemonthexport" class="com.ht.syndication.htsportal.action.ReportAction">
			<result name="success" type="stream">
				<param name="contentType">application/octet-stream</param>
				<param name="inputName">downloadstream</param>
				<param name="contentDisposition">attachment;filename="Revenue Report ${date}.xls"</param>
				<param name="bufferSize">1024</param>
			</result>
		</action>
		<action name="revenueyearreportexport" method="revenueyearexport" class="com.ht.syndication.htsportal.action.ReportAction">
			<result name="success" type="stream">
				<param name="contentType">application/octet-stream</param>
				<param name="inputName">downloadstream</param>
				<param name="contentDisposition">attachment;filename="Revenue Report ${date}.xls"</param>
				<param name="bufferSize">1024</param>
			</result>
		</action>
		<action name="revenuecreate" method="create" class="com.ht.syndication.htsportal.action.RevenueAction">
			<result name="success" type="freemarker">
				/WEB-INF/free_marker/main/admin/revenuecreate.ftl
			</result>
		</action>
		<action name="revenuepublicationclient" method="getclient" class="com.ht.syndication.htsportal.action.RevenueAction">
			<result name="success" type="freemarker">
				/WEB-INF/free_marker/main/admin/revenuecreate_clientfields.ftl
			</result>
		</action>
		<!-- action name="revenueshow" method="show" class="com.ht.syndication.htsportal.action.RevenueAction">
			<result name="success" type="freemarker">
				/WEB-INF/free_marker/main/admin/revenueshow.ftl
			</result>
		</action -->
		<action name="revenuereportshow" method="revenueshow" class="com.ht.syndication.htsportal.action.ReportAction">
			<result name="success" type="freemarker">
				/WEB-INF/free_marker/main/admin/revenuereportshow.ftl
			</result>
		</action>
		<action name="revenueupdate" method="update" class="com.ht.syndication.htsportal.action.RevenueAction">
			<result name="success" type="freemarker">
				/WEB-INF/free_marker/main/admin/revenueupdate.ftl
			</result>
		</action>
		<action name="revenuedelete" method="delete" class="com.ht.syndication.htsportal.action.RevenueAction">
			<result name="success" type="redirectAction">
				<param name="namespace">/secure</param>
				<param name="actionName">revenueshow</param>
			</result>
		</action>
		<!-- End Revenue Action -->
	</package>
</struts>