<?xml version="1.0" encoding="UTF-8" ?>
<!DOCTYPE struts PUBLIC "-//Apache Software Foundation//DTD Struts Configuration 2.1//EN" "http://struts.apache.org/dtds/struts-2.1.dtd">
<struts>
	<package name="content" namespace="/content" extends="struts-default">
		<interceptors>
			<interceptor name="authenticateAdmin"
				class="com.ht.syndication.htsportal.interceptor.ContentAuthenticationInterceptor" />
			<interceptor-stack name="defaultLoginStack">
				<interceptor-ref name="authenticateAdmin" />
				<interceptor-ref name="defaultStack" />
			</interceptor-stack>
			<interceptor-stack name="defaultUploadStack">
	            <interceptor-ref name="authenticateAdmin" />
	            <interceptor-ref name="defaultStack"/>
	            <interceptor-ref name="exception"/>
	            <interceptor-ref name="i18n"/>
	            <interceptor-ref name="fileUpload">
		       		<param name="allowedTypes">.csv, application/vnd.openxmlformats-officedocument.spreadsheetml.sheet, application/vnd.ms-excel</param>
		       		<param name="maximumSize">1024000</param>
	  	    	</interceptor-ref> 
	            <interceptor-ref name="params">
	                <param name="excludeParams">dojo\..*,^struts\..*</param>
	            </interceptor-ref>
	            <interceptor-ref name="validation">
	                <param name="excludeMethods">input,back,cancel,browse</param>
	            </interceptor-ref>
	            <interceptor-ref name="workflow">
	                <param name="excludeMethods">input,back,cancel,browse</param>
	            </interceptor-ref>
	        </interceptor-stack>
			<interceptor-stack name="fileUploadStack">
				<interceptor-ref name="exception" />
				<interceptor-ref name="alias" />
				<interceptor-ref name="servletConfig" />
				<interceptor-ref name="prepare" />
				<interceptor-ref name="i18n" />
				<interceptor-ref name="chain" />
				<interceptor-ref name="debugging" />
				<interceptor-ref name="profiling" />
				<interceptor-ref name="scopedModelDriven" />
				<interceptor-ref name="modelDriven" />
				<interceptor-ref name="fileUpload">
					<param name="maximumSize">102400000</param>
					<param name="allowedTypes">image/*, application/octet-stream,
						application/photoshop, application/illustrator,
						application/x-gzip, application/zip, multipart/x-gzip,
						multipart/x-zip</param>
				</interceptor-ref>
				<interceptor-ref name="checkbox" />
				<interceptor-ref name="staticParams" />
				<interceptor-ref name="actionMappingParams" />
				<interceptor-ref name="params">
					<param name="excludeParams"> secure\..*,^struts\..*</param>
				</interceptor-ref>
				<interceptor-ref name="conversionError" />
				<interceptor-ref name="validation">
					<param name="excludeMethods"> input,back,cancel,browse</param>
				</interceptor-ref>
				<interceptor-ref name="workflow">
					<param name="excludeMethods"> input,back,cancel,browse</param>
				</interceptor-ref>
			</interceptor-stack>
		</interceptors>
		<default-interceptor-ref name="defaultLoginStack" />
		<default-action-ref name="admin" />
		<global-results>
			<result name="NEED_LOGIN" type="redirectAction">
				<param name="namespace">/access</param>
				<param name="actionName">login</param>
			</result>
			<result name="UNAUTHORIZED_LOGIN" type="redirectAction">
				<param name="namespace">/</param>
				<param name="actionName">home</param>
			</result>
		</global-results>
		<action name="admin"
			class="com.ht.syndication.htsportal.action.ShowAdminPage">
			<result name="success" type="freemarker">
				/WEB-INF/free_marker/main/admin/admin.ftl
			</result>
		</action>
		
		<!-- Start User Action -->
		<action name="usershow" method="show"
			class="com.ht.syndication.htsportal.action.UserAction">
			<result name="success" type="freemarker">
				/WEB-INF/free_marker/main/admin/usershow.ftl
			</result>
		</action>
		<action name="usercreate" method="create"
			class="com.ht.syndication.htsportal.action.UserAction">
			<result name="success" type="freemarker">
				/WEB-INF/free_marker/main/admin/usercreate.ftl
			</result>
		</action>
		<action name="userupdate" method="update"
			class="com.ht.syndication.htsportal.action.UserAction">
			<result name="success" type="freemarker">
				/WEB-INF/free_marker/main/admin/userupdate.ftl
			</result>
		</action>
		<action name="userdelete" method="delete"
			class="com.ht.syndication.htsportal.action.UserAction">
			<result name="success" type="redirectAction">
				<param name="namespace">/content</param>
				<param name="actionName">usershow</param>
			</result>
		</action>
		<!-- End User Action -->
		
		<action name="publicationshow" method="show"
			class="com.ht.syndication.htsportal.action.PublicationAction">
			<result name="success" type="freemarker">
				/WEB-INF/free_marker/main/admin/publicationshow.ftl
			</result>
		</action>
		<action name="publicationcreate" method="create"
			class="com.ht.syndication.htsportal.action.PublicationAction">
			<result name="success" type="freemarker">
				/WEB-INF/free_marker/main/admin/publicationcreate.ftl
			</result>
		</action>
		<action name="publicationupdate" method="update"
			class="com.ht.syndication.htsportal.action.PublicationAction">
			<result name="success" type="freemarker">
				/WEB-INF/free_marker/main/admin/publicationupdate.ftl
			</result>
		</action>
		<action name="publicationdelete" method="delete"
			class="com.ht.syndication.htsportal.action.PublicationAction">
			<result name="success" type="freemarker">
				/WEB-INF/free_marker/main/admin/publicationshow.ftl
			</result>
		</action>
	
		<!-- Start Client Action -->
		<action name="clientshow" method="show"
			class="com.ht.syndication.htsportal.action.ClientAction">
			<result name="success" type="freemarker">
				/WEB-INF/free_marker/main/admin/clientshow.ftl
			</result>
		</action>
		<action name="clientcreate" method="create"
			class="com.ht.syndication.htsportal.action.ClientAction">
			<result name="success" type="freemarker">
				/WEB-INF/free_marker/main/admin/clientcreate.ftl
			</result>
		</action>
		<action name="clientupdate" method="update"
			class="com.ht.syndication.htsportal.action.ClientAction">
			<result name="success" type="freemarker">
				/WEB-INF/free_marker/main/admin/clientupdate.ftl
			</result>
		</action>
		<action name="clientdelete" method="delete"
			class="com.ht.syndication.htsportal.action.ClientAction">
			<result name="success" type="redirectAction">
				<param name="namespace">/secure</param>
				<param name="actionName">clientshow</param>
			</result>
		</action>
		<!-- End Client Action -->

		<action name="sourceshow" method="show"
			class="com.ht.syndication.htsportal.action.SourceAction">
			<result name="success" type="freemarker">
				/WEB-INF/free_marker/main/admin/sourceshow.ftl
			</result>
		</action>
		<action name="sourcecreate" method="create"
			class="com.ht.syndication.htsportal.action.SourceAction">
			<result name="success" type="freemarker">
				/WEB-INF/free_marker/main/admin/sourcecreate.ftl
			</result>
		</action>
		<action name="sourceupdate" method="update"
			class="com.ht.syndication.htsportal.action.SourceAction">
			<result name="success" type="freemarker">
				/WEB-INF/free_marker/main/admin/sourceupdate.ftl
			</result>
		</action>
		<action name="sourcedelete" method="delete"
			class="com.ht.syndication.htsportal.action.SourceAction">
			<result name="success" type="freemarker">
				/WEB-INF/free_marker/main/admin/sourceshow.ftl
			</result>
		</action>
		<action name="categoryshow" method="show"
			class="com.ht.syndication.htsportal.action.CategoryAction">
			<result name="success" type="freemarker">
				/WEB-INF/free_marker/main/admin/categoryshow.ftl
			</result>
		</action>
		<action name="categorycreate" method="create"
			class="com.ht.syndication.htsportal.action.CategoryAction">
			<result name="success" type="freemarker">
				/WEB-INF/free_marker/main/admin/categorycreate.ftl
			</result>
		</action>
		<action name="categoryupdate" method="update"
			class="com.ht.syndication.htsportal.action.CategoryAction">
			<result name="success" type="freemarker">
				/WEB-INF/free_marker/main/admin/categoryupdate.ftl
			</result>
		</action>
		<action name="categorydelete" method="delete"
			class="com.ht.syndication.htsportal.action.CategoryAction">
			<result name="success" type="freemarker">
				/WEB-INF/free_marker/main/admin/categoryshow.ftl
			</result>
		</action>

		<action name="contentshow" method="show"
			class="com.ht.syndication.htsportal.action.ContentAction">
			<result name="success" type="freemarker">
				/WEB-INF/free_marker/main/admin/contentshow.ftl
			</result>
		</action>
		<action name="contentcreate" method="create"
			class="com.ht.syndication.htsportal.action.ContentAction">
			<result name="success" type="freemarker">
				/WEB-INF/free_marker/main/admin/contentcreate.ftl
			</result>
		</action>
		<action name="contentupdate" method="update"
			class="com.ht.syndication.htsportal.action.ContentAction">
			<result name="success" type="freemarker">
				/WEB-INF/free_marker/main/admin/contentupdate.ftl
			</result>
		</action>
		<action name="contentdelete" method="delete"
			class="com.ht.syndication.htsportal.action.ContentAction">
			<result name="success" type="freemarker">
				/WEB-INF/free_marker/main/admin/contentshow.ftl
			</result>
		</action>
		<action name="deletemessage" method="deletemessage"
			class="com.ht.syndication.htsportal.action.MessageAction">
			<result name="success" type="redirectAction">
				<param name="namespace">/secure</param>
				<param name="actionName">allmessage</param>
			</result>
		</action>
		<action name="allmessage" method="allmessage"
			class="com.ht.syndication.htsportal.action.MessageAction">
			<result name="success" type="freemarker">
				/WEB-INF/free_marker/main/admin/showallmessage.ftl
			</result>
		</action>
		<action name="deletesubscription" method="deletesubscription"
			class="com.ht.syndication.htsportal.action.MessageAction">
			<result name="success" type="redirectAction">
				<param name="namespace">/secure</param>
				<param name="actionName">subscriptionmessage</param>
			</result>
		</action>
		<action name="subscriptionmessage" method="allSubscriptionMessage"
			class="com.ht.syndication.htsportal.action.MessageAction">
			<result name="success" type="freemarker">
				/WEB-INF/free_marker/main/admin/showsubscriptionmessage.ftl
			</result>
		</action>
	</package>
</struts>