<?xml version="1.0" encoding="UTF-8" ?>
<!DOCTYPE struts PUBLIC "-//Apache Software Foundation//DTD Struts Configuration 2.1//EN" "http://struts.apache.org/dtds/struts-2.1.dtd">
<struts>
	<package name="home" namespace="/" extends="struts-default">
		<result-types>
			<result-type name="imageResult" class="com.ht.syndication.htsportal.result.CustomImageBytesResult" />
		</result-types>
		<default-action-ref name="home" />
		<action name="home" method = "home" class="com.ht.syndication.htsportal.action.ShowPortalPage">
			<result name="success" type="freemarker">/WEB-INF/free_marker/home.ftl</result>
		</action>
		<action name="articles" method = "home" class="com.ht.syndication.htsportal.action.ArticlesHomePage">
			<result name="success" type="freemarker">/WEB-INF/free_marker/articleshome.ftl</result>
		</action>
		<action name="photos" method = "home" class="com.ht.syndication.htsportal.action.ImagesHomePage">
			<result name="success" type="freemarker">/WEB-INF/free_marker/imageshome.ftl</result>
		</action>
		<action name="pages/{slug}" method = "home" class="com.ht.syndication.htsportal.action.StaticPage">
			<result name="success" type="freemarker">/WEB-INF/free_marker/pages/{1}.ftl</result>
			<result name="error" type="freemarker">/WEB-INF/free_marker/pages/404.ftl</result>
		</action>
		<action name="articles/publication" method = "execute" class="com.ht.syndication.htsportal.action.ArticlePublication">
			<result name="article" type="freemarker">/WEB-INF/free_marker/articlepublication.ftl</result>
			<result name="success" type="freemarker">/WEB-INF/free_marker/articlepublication.ftl</result>
		</action>
		<action name="articles/{category}" method = "articleSearch" class="com.ht.syndication.htsportal.action.SearchAction">
			<result name="article" type="freemarker">/WEB-INF/free_marker/articlessearch.ftl</result>
			<result name="success" type="freemarker">/WEB-INF/free_marker/articlessearch.ftl</result>
		</action>
		<action name="articles/exclusive" method = "articleExclusive" class="com.ht.syndication.htsportal.action.SearchAction">
			<result name="article" type="freemarker">/WEB-INF/free_marker/articlessearch.ftl</result>
			<result name="success" type="freemarker">/WEB-INF/free_marker/articlessearch.ftl</result>
		</action>
		<action name="images/{tags}" method = "imageSearch" class="com.ht.syndication.htsportal.action.SearchAction">
			<result name="image" type="freemarker">/WEB-INF/free_marker/imagessearch.ftl</result>
			<result name="success" type="freemarker">/WEB-INF/free_marker/imagessearch.ftl</result>
		</action>
		<action name="search" method = "search" class="com.ht.syndication.htsportal.action.SearchAction">
			<result name="image" type="freemarker">/WEB-INF/free_marker/imagessearch.ftl</result>
			<result name="article" type="freemarker">/WEB-INF/free_marker/articlessearch.ftl</result>
		</action>
		<action name="article/{title}/{articleId}" class="com.ht.syndication.htsportal.action.ArticleDetail">
			<result name="success" type="freemarker">/WEB-INF/free_marker/articledetail.ftl</result>
		</action>
		<action name="image/{title}/{name}" class="com.ht.syndication.htsportal.action.ImageDetail">
			<result name="success" type="freemarker">/WEB-INF/free_marker/imagedetail.ftl</result>
		</action>

		
		<action name="search-site" method="site_search" class="com.ht.syndication.htsportal.action.ShowArticleImagesPage">
			<result name="success" type="freemarker">/WEB-INF/free_marker/main/image_article_list.ftl</result>
		</action>
		<action name="astro" method="astro" class="com.ht.syndication.htsportal.action.ShowAstroPage">
			<result name="success" type="freemarker">/WEB-INF/free_marker/main/astro.ftl</result>
		</action>
		<action name="source" method="source" class="com.ht.syndication.htsportal.action.ShowPortalPage">
			<result name="success" type="freemarker">/WEB-INF/free_marker/main/content_list.ftl</result>
		</action>
		<action name="category" method="category" class="com.ht.syndication.htsportal.action.ShowPortalPage">
			<result name="success" type="freemarker">/WEB-INF/free_marker/main/content_list.ftl</result>
		</action>
		<action name="publication" method="publication" class="com.ht.syndication.htsportal.action.ShowPortalPage">
			<result name="success" type="freemarker">/WEB-INF/free_marker/main/content_list.ftl</result>
		</action>
		<action name="publications" method="publications" class="com.ht.syndication.htsportal.action.ShowPortalPage">
			<result name="success" type="freemarker">/WEB-INF/free_marker/main/publication_list.ftl</result>
		</action>
		<action name="article" method="article" class="com.ht.syndication.htsportal.action.ShowPortalPage">
			<result name="success" type="freemarker">/WEB-INF/free_marker/main/article.ftl</result>
		</action>
		<action name="exclusive" method="exclusive" class="com.ht.syndication.htsportal.action.ShowPortalPage">
			<result name="success" type="freemarker">/WEB-INF/free_marker/main/content_list.ftl</result>
		</action>
		<action name="contactus" method="contactus" class="com.ht.syndication.htsportal.action.ShowPortalPage">
			<result name="success" type="freemarker">/WEB-INF/free_marker/main/contactus.ftl</result>
		</action>
		<action name="subscription" method="subscription" class="com.ht.syndication.htsportal.action.ShowPortalPage">
			<result name="success" type="freemarker">/WEB-INF/free_marker/main/subscription.ftl</result>
		</action>
		<action name="loadimage" method="loadimage" class="com.ht.syndication.htsportal.action.OldImageAction">
			<result name="success" type="imageResult"></result>
		</action>
		<action name="whatweare" method="aboutus" class="com.ht.syndication.htsportal.action.ShowPortalPage">
			<result name="success" type="freemarker">/WEB-INF/free_marker/main/whatweare.ftl</result>
		</action>
		<action name="whatwedo" method="aboutus" class="com.ht.syndication.htsportal.action.ShowPortalPage">
			<result name="success" type="freemarker">/WEB-INF/free_marker/main/whatwedo.ftl</result>
		</action>
		<action name="competitiveadvantage" method="aboutus" class="com.ht.syndication.htsportal.action.ShowPortalPage">
			<result name="success" type="freemarker">/WEB-INF/free_marker/main/competitiveadvantage.ftl</result>
		</action>
		<action name="ht-archives" method="aboutus" class="com.ht.syndication.htsportal.action.ShowPortalPage">
			<result name="success" type="freemarker">/WEB-INF/free_marker/main/ht-archives.ftl</result>
		</action>
		<action name="ht-mobile-content-services" method="aboutus" class="com.ht.syndication.htsportal.action.ShowPortalPage">
			<result name="success" type="freemarker">/WEB-INF/free_marker/main/ht-mobile-content-services.ftl</result>
		</action>
		<action name="image-syndication" method="aboutus" class="com.ht.syndication.htsportal.action.ShowPortalPage">
			<result name="success" type="freemarker">/WEB-INF/free_marker/main/image-syndication.ftl</result>
		</action>
		
		<action name="htns-news-services" method="aboutus" class="com.ht.syndication.htsportal.action.ShowPortalPage">
			<result name="success" type="freemarker">/WEB-INF/free_marker/main/htns-news-services.ftl</result>
		</action>
		<action name="news-aggregation" method="aboutus" class="com.ht.syndication.htsportal.action.ShowPortalPage">
			<result name="success" type="freemarker">/WEB-INF/free_marker/main/news-aggregation.ftl</result>
		</action>
		<action name="hns" method="aboutus" class="com.ht.syndication.htsportal.action.ShowPortalPage">
			<result name="success" type="freemarker">/WEB-INF/free_marker/main/htns-news-services.ftl</result>
		</action>
		<action name="htcontentservice" method="aboutus" class="com.ht.syndication.htsportal.action.ShowPortalPage">
			<result name="success" type="freemarker">/WEB-INF/free_marker/main/ht-content-services.ftl</result>
		</action>
	</package>
</struts>