<?xml version="1.0" encoding="UTF-8"?>

<!DOCTYPE beans PUBLIC "-//SPRING//DTD BEAN//EN" "http://www.springframework.org/dtd/spring-beans.dtd">

<beans>

    <!-- ========================= DATASOURCE DEFINITION ========================= -->

    <!-- JNDI DataSource for J2EE environments -->
    <bean id="dataSource" class="org.apache.commons.dbcp.BasicDataSource">
        	<property name="driverClassName" value="com.mysql.jdbc.Driver" />
            <property name="url" value="jdbc:mysql://172.22.65.49:3306/htsportal_prod" />
            <property name="username" value="htsportal_prod" />
            <property name="password" value="htsportal_prod" />
            <property name="testOnBorrow" value="true"></property>
    		<property name="validationQuery" value="SELECT 1"></property>
    </bean>
    
    <!-- ====================== End of DATASOURCE DEFINITION ====================== -->

    <!-- ===================== TRANSACTION MANAGER DEFINITION ========================= -->

   	<bean id="transactionManager" class="org.springframework.orm.hibernate3.HibernateTransactionManager">
   		<property name="sessionFactory" ref="sessionFactory" />
    </bean>

    <!-- ===================== TRANSACTION MANAGER DEFINITION ========================= -->

</beans>
