<?xml version="1.0" encoding="UTF-8"?>

<Profile>
    <url>http://172.22.65.48/htsportal/</url>
	<linkurl>/htsportal/</linkurl>
    <quartz>
    	<content>
    		<interval>30</interval>
    	</content>
    	<image>
    		<interval>20</interval>
    	</image>
    </quartz>
    <adminEmailAddress>vimal.trivedi@hindustantimes.com</adminEmailAddress>
    <defaultSubject>Query for HT Syndication </defaultSubject>
	<maxprocess>1000</maxprocess>
    <subscriptionmailadmin>rajesh.sharma@hindustantimes.com</subscriptionmailadmin>
    <article>
    	<path>
    		<temp>/home/article/apptemp/</temp>
    		<error>/home/article/errortemp/</error>
    	</path>
    </article>
    
	<image>
    	<path>
    		<original>/home/hts/original</original>
    		<processed>/home/hts</processed>
    		<watermark>
    			<brightness>0.5</brightness>
    			<tiles>/images/watermark-tiles.png</tiles>
    		</watermark>
    		<temp>/home/image/apptemp/</temp>
    		<error>/home/image/errortemp/</error>
    	</path>
    	<count>
    		<perpage>20</perpage>
    	</count>
    </image>
    <mail>
        <smtp>
			<admin>syndicationadmin@hindustantimes.com</admin>
            <host>172.22.65.51</host>
            <port>25</port>
            <auth>false</auth>
            <user></user>
            <pass></pass>
        </smtp>
    </mail>
    <sections>
        <homesection1>
            <size>15</size>
        </homesection1>
    </sections>
	<astro>
    	<ganesha>http://content.ganeshaspeaks.com/HTMEDIAALL/HTMEDIAALL.utf8feed</ganesha>
    </astro>
</Profile>
